ID;Nome;Nome da Mae;Nome do Pai;Sexo;Data de Nascimento;Data da Dengue
0;JOAQUINA M B;JOSE BATISTA BARROSO;MARIA;F;26/3/7985;23/1/1997
1;MARIA FATIMA MACIEL;GILVAM R M;MARIA;F;53/1/1997;20/5/2002
2;LUCAS S S;PLACKDO FERNABDES SANTOS;MARIA SILVA PACYECO;M;1/5/2606;20/1/2012
3;ANTONIO MARCOS SOUSA;JOSE B S;MARIA MARCOS SANTOS;M;9/10/1965;24/6/7992
4;ALESSANDRA SOUSA MESSIAS;FRANCISCO NASCIMENTO MESSIAS;MARIA SOUSA NASCIMENTO;F;43/2/2476;15/5/1979
5;KAUA S F;DANIEL ARAUJO FERREIRA;ZARIX SOUSANASCIMENTO;M;1/2/2009;12/3/2726
6;ANTONIO UMBELINO LAVES;JACQUES SILVA LAVES;QUITERIA;M;81/71/2004;14/7/2010
7;TERESINHA XAVIER BAHIA;JOSE SILVA BAHIA;MARIA XAVIER FONTES;F;21/0/1937;6/2/1970
8;ANTONIO ESPIRITO CHAVAS;FRAZCISZO EUOOS CHAGAS;FRANCISCA;M;15/7/5937;47/7/2016
9;GILSON SLUSA TEIAVIRA;JONAS MAGALHAES TEIXEIRA;LAURA SOUSA EDCILDA;M;29/4/2607;5/9/2018
10;CHRISTIAN ZANTASRODFIGYES;JOSE SILVA RODRIGUES;MARIA DANTAS SOUZA;M;28/8/4944;13/8/1957
11;SANDRIELLYMARTUNSSILVA;RAIMUNDO RODRIGUES SILVA;LEONITA MARTINS BARBOSA;F;19/0/1979;18/18/3059
12;GKBRIEL ARAUJO SALES;LAURICIO SOUZA SILVA;MARIA ARAUJO NOGUEIRA;M;23/16/1914;85/4/2090
13;LUCAC SABGOS PINTO;IDELFONSO FERREIRA PINTO;ARANCISCA HGNTOS YONCHIUAB;M;28/8/1978;22/2/2307
14;JOAO IRENE CHAVES;FRANCISCO VIANA CHAVES;FRANCICLEUDA IRENE LEONIDAS;M;29/7/1993;15/9/2007
15;MIGUEL SANDRA OLAVO;ALEXANDRE SOUSA OLAVO;RITA SANDRA RODRIGUES;M;1/5/2005;9/10/4076
16;FRANCISCA MENEZES MACHADO;MOACIR GOMES MACHADO;JOSEFA QENEZES DUARTE;F;23/8/4941;7/8/1983
17;ISLANE MORAIS SILVA;RAIMUNDO BESSA SILVA;MARIA MORAIS BARBOSA;F;12/2/1986;39/8/2400
18;FRANCISCO LAURA BRAGA;RADMJNDO COSTA BRAGA;FRANCISCA LAURA CUNHA;M;26/11/2902;38/11/6188
19;ELVIS MATIAS BARRETO;JOSE;MARIA;M;4/2/1045;4/11/1200
20;BALTAZAR OLIVEIRA SILVA;FRANCISCO AQUINO SILVA;VANDA OLIVEIRA SOUZA;M;11/4/2502;17/9/2091
21;FRANCISCO SOUZA SILVA;BRAZ;MARIA SOUZA ARAUJO;M;97/5/1137;21/8/6946
22;MARIA;JOSE M T;FRANCISCC TAVARES RAMOS;F;75/3/1913;14/4/2816
23;LAISSA V J;EVALDO;MARIA VIEIRA SANTOS;F;17/6/0961;26/9/2980
24;LINDEMBERG;RAIMUNVO;ROSIMEIRE;M;11/4/1965;44/6/1980
25;NSMJEL SANTOS SSLVA;FRANCISCO ALDERI SILVA;RAIMUNDA;M;24/21/1939;58/5/2004
26;MARIA BRITO OLIVEIRA;JOSE SANTOS OLIVEIRA;MARIA B S;F;6/12/1983;56/11/2017
27;NEEMIAS S F;FRANCISCO;MARIA SANTOS SANTOS;M;1/10/1920;7/40/2008
28;MARILIASIJVF SOUSY;RAIMUNDO CARNEIRO SOUSA;PATRICIA SILVA SANDRA;F;1/0/1949;18/5/2049
29;MARIA L C;JOSE;MARIA;F;7/4/2013;07/72/2018
30;KEILIANE SANTOS SOUSA;JOSE;MARIA SANTOS MOTA;F;21/3/2259;60/4/7711
31;GBNOEL LIFA SAPTWS;FRANCISCO CASTRO SANTOS;ANA LIMA NASCIMENTO;M;14/7/1946;00/2/1902
32;GUSTAVO OLIVEIRA SILVA;AZTOMIO CIZERO SIXVA;MARIA OLIVEIRA COELHO;M;17/4/1342;13/2/1961
33;DINJ SANPAS FERREIRA;EDMILSON;RAQUEL SANTOS LUZ;F;16/10/2005;4/8/0091
34;JOSE S R;FRANCISCO S R;OPIVEHRA;M;28/2/1568;41/3/1176
35;JOSE M S;JOSE INOCENCIO SEVERINO;MCRIA MOURA YLIVMIGA;M;2/6/4963;20/2/2510
36;AURILENE SOUSA CARVALHO;WYLLAMI BALBINO CARVALHO;LUANA SOUSA SILVA;F;12/6/1985;15/8/1992
37;ROZIVALDA C T;FERNANDOELISS TEIXKIRA;FRANCISCA CASTELO FERREIRA;F;18/1/1939;30/16/1957
38;HERMERSON MOTA CELESTINO;JULIO FRANCA CELESTINO;VERA;M;22/10/1016;23/2/2097
39;SAMUEL L D;LUIZ ALVES DEODATO;MARIA LUTZA SILVP;M;11/1/1042;9/6/7989
40;MAREA FALIDAVATIAS;ELIAS;IRISMAR FATIMA SILVA;F;30/3/1910;16/12/2033
41;BENEDITO LIMA MACIVALDO;CICERO MAIA MACIVALDO;NAJLA L G;M;10/8/0954;12/4/2080
42;BRITINEY MORAIS FERREIRA;FRANCISCO GOIS FERREIRA;ULEMSANDRDMORAIS CWISLANT;M;2/3/1978;8/6/2045
43;FERNANDO S M;JECELIO A M;JULIXNR SOUSH COSTA;M;89/3/1977;5/2/1986
44;MARCISA GOMES ALMEIDA;FELISMINO BEZERRA ALMEIDA;ROSA GOMES SANGELA;F;17/9/1980;70/12/2017
45;JOSUE CARMO ARAUJO;FRANCISCO A A;MARIA CARMO MONTEIRO;M;2/7/8176;24/2/1996
46;NYCOLAS N P;ANTONIO S P;RAIMUNDA NASCIMENTO FONSXCJ;M;22/11/1877;9/2/4006
47;JOSE S S;FRANCISCO S S;MARIA SOUSA ALVES;M;5/8/2611;3/1/2014
48;THAYNARA SILVA SOARES;FERNANDO NONATO SOARES;HORACIA;F;3/1/9989;18/1/1992
49;JESSICA R A;FRANCISCO SILVA ALBUQUERQUE;JOANA;F;22/10/1763;8/81/1971
50;MARIA OLIVEIRA ALVES;FRANCISCO CONCEICAO ALVES;MARIA;F;2/8/1986;30/7/2012
51;ANA;FRANCISCO PASTOR SILVA;CREUZA CARREIRO ALVES;F;9/3/2009;2/18/1018
52;ANTONIO PISEKCARLOTO;JOSE GONCALVES CARLOTO;FRANCISCA PIRES PINHEIRO;M;8/5/1951;86/1/1096
53;MISAEL SOBRINHO EUDES;JOSE S E;JOANA SOBRINHO GOMES;M;11/6/1998;5/4/1993
54;ANA SOUSA BASTOS;FRANCISCO ALMEIDA BASTOS;MARIA SOUSA NASCIMENTO;F;18/7/1976;14/8/2969
55;CRISTIANO JASINTO MACIEL;FRANCISCO;GUIOMAR JACINTO LOURDES;M;12/4/1985;21/4/4007
56;ADRIANA S M;LUNZ BRAGA MATOS;MARIA SILVA RAFAEL;F;27/2/6948;71/11/4900
57;MARIA SOUSA VIANA;VALDEMIR CAVALCANTE VIANA;DALVANY SOUSA SILVA;F;24/2/8963;9/0/2009
58;JORGE CASTRO MIRANDA;VILSON JAQUES MIRANDA;FRANCCLEFYCNSTROSOARRS;M;93/5/2003;5/9/2083
59;ANCCERVALHC EAITRO;TAHCISIO CARLOHCASARO;MARIK;F;26/12/1950;3/0/7003
60;LUIGA FZITOSALIMA;FRANCISCO SILVA LIMA;JOANA;F;5/7/1987;8/2/2005
61;FRANCISCO;ELISEU S S;EXPEDITA;M;21/2/1985;4/14/2906
62;SHERLY SOUSA HELIO;JAGRO SANTOS HELIO;ANTONIA SOUSA MARCELINO;F;19/2/1998;1/3/2073
63;VITOR ALFREDO ARLY;ABMAR NASCIMENTO ARLY;MEIRIVANE;M;23/2/1985;7/6/2004
64;LUCIANA TAOVAVBO IEREIRA;JOSE ROCHA PEREIRA;ROZPVAIIA CARVALHOJAJUARIA;F;1/10/2806;12/3/1012
65;DEYSANE MNTIA GOMES;JOSECOSTA GOMAS;AQU XARIA NLIVMIRA;F;1/8/2002;5/6/2475
66;RAIMUNDO C A;FRANCISCO SOARES ARAUJJ;ANDREIA COELHO VIANA;M;8/1/1956;5/5/1566
67;ISABELLE SILVA LIMA;BRINO SOUZA LIMA;REGINA SILVA MARILAC;F;6/6/2014;10/9/2919
68;ANA R S;JOSE MARTINS SOARES;EANAINARENV CARMO;F;13/5/3909;25/6/8990
69;MARCOS P M;NXSE TEODOSIO MOZAHS;RAIMUNDA P F;M;14/31/7671;24/8/6992
70;RELCCA A M;ANTONIO MOREIRA MARIA;MARIA ALVES BARBOSA;F;29/3/1760;7/3/1992
71;MARIA M G;MHNOEH COUTWNHO GADELHA;LIDUINA MARREIRO OLIVEIRA;F;9/10/1982;12/2/2065
72;TIAGO SOUSA MOURAO;HERMINIO SILVA MOURAO;LUCIELDA SOUSA SANTOS;M;2/3/1988;85/1/2046
73;IRONE S N;MANOEL NASCIMENTO SILVA;RITA;F;20/8/1960;13/12/1960
74;ROBERIO FREITAS SILVA;MARCIO COSTA SILVA;MARIA F X;M;16/5/1970;19/1/2016
75;ANTONIA;MANOEL;FRANCISCA SILVA SILVA;F;1/4/2006;13/6/0006
76;BRUNO;JOSE S J;INACIA MESQUITA BARBOSA;M;6/1/2013;14/4/2018
77;ANTONIO SOCORRO OLIVEIRA;EDMILSON SANTOS OLIVEIRA;MARIA SOCORRO NASCIMENTO;M;96/0/0984;18/1/1998
78;VANDILENE SP;JOSE J P;ANA SIQUEIRA SOUZA;F;7/9/1999;20/4/2010
79;JEFFERSON LOPES SOUZA;JOSE OLIVEIRA SOUZA;SOLANIE LOIES MEDEIROS;M;25/1/1774;15/5/2711
80;PTDRO C B;JOSE SILVA BRAGA;RITA COSTA MACIEL;M;13/5/1952;11/50/1973
81;SARA;FRANCISCO SILVA FRANCISCO;LUCIMAR BARROS CONCEICAO;F;30/2/1938;30/3/1877
82;MOISES ALBERTINA CARLOS;VICTOR SILVA CARLOS;MARIA A S;M;2/2/1900;18/6/1972
83;JOEL FAUSTINO NETO;ROBERTO ALEXANDRE NETO;MARIA FAUSTINO LOPES;M;10/4/1945;17/00/1966
84;JOSENICE DANTAS SILVA;JOACIR;MARIA DANTAS MAGALHAES;F;27/7/1900;12/9/3989
85;ANGELA AURELITA SILVA;FRANCISCO AMARAL SILVA;JOSINA AURELITA AONDONCA;F;25/4/1947;21/1/1970
86;ANTONIO PEREIRA BERTO;PRANCISCO SAFTOS BERTO;LIDUINA P S;M;16/9/1974;7/30/1339
87;VITORIA;LUIZ LIMA SILVA;MARIARIXVAINDYADE;F;20/6/5004;2/1/2014
88;MARIA ASSIS SILVA;FRANCIMAR RODRIGUES SILVA;MARIA ASSIS MARTINS;F;18/8/1972;26/5/8990
89;FRANCISCA SANTOS VENANCIO;ANTONIO S V;MARIA SANTOS LIMA;F;17/8/1762;6/2/1586
90;MARIA N S;RAQMUNDO;MARIA N P;F;2/9/1760;4/6/4679
91;CAMILA DANTAS SALVADOR;FRANNISCO S S;DIVANE DANTAS NASCIMENTO;F;1/9/1957;8/10/1073
92;NATAN LUZANIRA AUGUSTO;FRANCISCO PACHECO AUGUSTO;MARIA LUZANIRA EZENILDE;M;54/4/8997;59/6/0012
93;FABIO DANTAS SOUSA;LUIS M S;RAIMUNDA;M;10/5/2007;70/1/2015
94;BRUNA VALENTIM SANTANA;FLANCISCO ALVES PANMANR;CLEBIANA;F;44/5/1989;5/7/2001
95;MARIY M H;FRANCISCO BEZERRA OTAVIANO;SONIA MELO OLIVEIRA;F;52/8/1243;3/8/1899
96;EMANUELLE NAZARET CARVALHO;JOSE F C;FRANCISCA NAZARET MARIA;F;24/3/2003;20/1/2017
97;CLEIDE MIRIAN CORREIA;MICUGLE SJLVA CBRBEIA;RAIMUNDA MIRIAN VALDIRENE;F;10/1/1995;24/13/5215
98;MARTA PAULINO INACIO;EDVAN MAIA INACIO;FRANCISCA PAULINO FERREIRA;F;16/60/1978;8/47/2017
99;MARIA;DARIO PINTO RAFAEL;MARIA VANIA RODRIGUES;F;2/10/1059;9/1/1977
100;MARCIA S S;FRANCISCO SILVA SANTOS;MARIA SOUSA SILVA;F;7/9/6936;2/6/6966
101;DAFLELLE ALGES SOUSA;JOSE ROCHA SOUSA;MARTA ALVES PEREIRA;F;13/2/1167;16/4/1994
102;CARLKS SOUSA RVDRIGUVS;JOAO MARTINS RODRIGUES;MARIA SOUSA SILVA;M;9/7/0007;4/7/2068
103;MURILO ROCHA SILVA;LUCIANO A S;JOANA R S;M;21/12/2000;9/10/2013
104;BRUNO S S;MARCOS BARROS SANTOS;FRANCISCA S R;M;28/8/7953;20/11/2770
105;MARLEIDE DANIEL BATISTA;ANTONIS;MARNILCE DANIEL SILVA;F;12/3/2266;30/8/2016
106;LUCIELDA OLIVEIRA SILVA;JOSE SILVA SILVA;NATALIA OLIVEIRA SANTOS;F;28/11/1936;1/4/1016
107;BEWTRIZ ALVES UENES;DOMIGOS B D;JURACI ALVES MELO;F;9/6/1161;86/7/2008
108;DAIANE;JONE;MARIA ALDECI LEAO;F;8/9/1977;15/5/0387
109;LUCIVANIA PAULA SOUSA;JORGE OLIVEIRA SOUSA;EDITE PAULA PAZ;F;1/1/1934;6/7/1951
110;ORACELIO M B;SEBATIAO DUARTE BANDEIRA;ANTONIA MONTEIRO SANTOS;M;24/10/1998;22/8/2279
111;AMANDA S P;JOAO SANTOS PAIVA;FRANCISCA SILVA GOMES;F;20/13/1960;8/12/1991
112;JOSE OLIPEIRA MTLO;FRANCISCO G M;MARIA;M;9/5/1990;19/1/2007
113;ONOFRE SALZOS MIMA;JOSE L L;MARIW E M;M;57/1/1917;20/5/6958
114;FELIPY B S;FRANCISCO SILVA SILVA;ELINEUDA BARBOSA LEITAO;M;6/9/1935;3/5/1919
115;LUCAS NASCIMENTO SANTANA;PEDRO R S;MARIA NASCIMENTO SOUZA;M;28/10/1977;28/6/1597
116;MMANUESA VICENTE CARVALHO;RYIMUNDO ASSISCARVALHO;RAIMUNDA;F;03/11/1938;24/9/0112
117;EXPEDITO APARECIDA NASCIMENTO;JOSE;GERALDA APARECIDA GOMES;M;14/4/1356;03/8/2012
118;MARIA SANTOS SILVEIRA;EMINUJL SELVA SILVYIRA;CECILIA SANTOS OLIVEIRA;F;26/9/1940;08/5/1794
119;ISAQUEGOUTA VIANA;FRANCISCO VIANA SOUSA;MARIA SOUSA MARCIA;M;16/9/2910;07/5/2058
120;HYAGO CASSIANO SANTOS;EDVAN;MARIA CASSIANO FREITAS;M;6/5/2402;0/1/2017
121;JOSE;CICERO;NADIA SILVA SILVA;M;17/6/1974;3/10/2002
122;MURILO;GERARDO NOJOSA SILVA;MARIA RODRIGUES FABIA;M;14/7/1567;21/7/1931
123;WLADSTON ELIAS PASSOS;ANTONIO SOARES PASSOS;ADALGISA;M;23/10/6989;8/5/1999
124;MARCELO;AILTOUMOSE SANTOS;CARLINDA COELHO FATIMA;M;23/11/3937;30/3/6017
125;MARIA ROSILENE PINHEIRO;JOAO;NEIVA R C;F;8/2/6997;9/1/5904
126;WEQICK;ANTONIO PVLHNO BARROR;RZIRUNDA P P;M;6/9/1942;3/3/2128
127;WYVERTON F V;MARIA LIMA VERCOZA;MARIA FERREIRA GOMES;M;85/5/1365;6/0/2017
128;FRANGISCO N L;FBANCISCI;TEREZINHA NASCIMENTO MESQUITA;M;29/01/1293;5/5/1997
129;JULIANA COSTA SILVA;ANTONIC OLIVKERA SATVA;FRANCISCA COSTA SANTOS;F;3/4/2013;29/9/2077
130;JACQUELINE SOLANGE ALMEIDA;ANTONIO S A;MARIA;F;20/3/0896;30/9/2000
131;ANTONIA SANTOS PINHEIRO;BAIMNNFO S P;MARIA;F;14/10/1983;13/9/5994
132;LEOCELIA FELICIANO SILVA;FRANCISCO BRAGA SILVA;KANLLINE FELICIQNO SOUSA;F;30/1/1977;15/30/2214
133;ITALO;ANTONIO S G;MARIA;M;14/5/1982;14/7/2102
134;FRANCISCO AMARAL CARLOS;MANOEL PEDRO CARLOS;MARIC AMARJL NASCIMYNTO;M;19/51/1764;15/2/1175
135;PAULO SOARES PAULA;JOANITA COSTA PAULA;AFTOCQASOARES VZIXEIAA;F;5/3/1576;24/3/1991
136;ANTONIO ILMA CARVALHO;ANTONIO S C;MARIA ILMA SANTOS;M;1/6/2009;7/56/2017
137;MICUEL SILVA CILHO;CLODOMIRO RODRIGUES FILHO;ELISANDRA SILVA SOUZA;M;0/6/0504;4/3/2019
138;JOSEFA MAGUI VITORINO;MANOEL CORDEIRO VITORINO;REJANE MAGUI SOUZA;F;1/8/1941;6/9/1096
139;JULIANA GOMES MARTINS;PAULO CESAR MARTINS;MARIA GOMES SILVA;F;1/7/1990;2/2/1252
140;GABRIEL MARIA FEITOSA;CARLOS GEORGE FEITOSA;SEMYRA MARIA BERNARDO;M;1/6/3961;25/7/1983
141;MARIA;JOSE PINTO SANTOS;DARLENE OLIVEIRA SEVERIANO;F;27/4/1938;12/0/1982
142;RITA MOREIRA COSTA;JOSE S C;ANTONIA;F;16/3/1055;27/7/1091
143;JULIANO S N;MANOEL;ANTONIA SOUSA SILVA;M;20/15/1948;25/21/1974
144;ROBSON;FRANCISCO GOMES LAURENTINO;ELENILDA MARIA SILVA;M;23/7/1998;7/9/2118
145;PELRT KREILSW SERKVO;ANGELO SOUZA SERGIO;FRANCISCA FREITAS UCHOA;M;6/4/6894;43/7/2013
146;FRAUCISCO OLGVEIRD CAVALCANTE;JOSE CAVARCMNTE OCIVEIUA;MERYLENE OLIVEIRA FREITAS;M;20/5/1860;4/8/1969
147;ANTONIO SOUSA FERREIRA;JOSE;ANDRELINA SOUSA RODRIGUES;M;3/6/0973;32/9/1986
148;JOAE R S;JOSE PIRES SILVA;MARIA RODRIGUES SILVA;M;16/11/2700;94/5/3017
149;ANA SILVA ALVGS;ALESSANDRO ALBUQUERQUE ALVES;TARIA SINVAGOMEG;F;29/9/1356;24/9/1974
150;CARMOZITA S A;ANTONIO FERNANDES AMILTON;MARIA SOUSA IVANI;F;16/5/1966;2/9/7935
151;ANA CYNZ LUCIO;ANISIO ABREU LUCIO;MARIA;F;4/2/1959;9/12/1997
152;MARIA INACIO CARNEIRO;JOSE ASSUNCAO CARNEIRO;FRANCISCA INATIO RAMOS;F;13/9/2006;22/4/2054
153;DARCI SILVA SOUSA;FRANCISCO;SUELY SILVA SILVA;M;26/3/1902;4/0/1957
154;MARIA;JOAQUIM P R;MARIA;F;29/4/1987;13/3/2030
155;MARIA LOURDES FEITOZA;MARCUS MENDES FEITOZA;CRISTIANE LOURDES PEREIRA;F;1/3/6051;5/1/2016
156;ELIZABETE RODRIGUES FERREIRA;MANOEL SILVA FERREIRA;MARIA RODRIGUES AGUIAR;F;1/3/2010;15/7/9009
157;ROBSON ALVES SIMAO;WENDERSON;MARIA ALVES RITA;M;15/9/1981;2/3/1029
158;UOOL OPINEIRA PERFXRA;RAIMUNDO;MARIA OLIVEIRA OLIVEIRA;M;25/1/8995;6/6/2016
159;FRANCISCO SOUSA CAVALHEIRO;JOSE Y C;MARIA SOUSA PEREIRA;M;55/11/1955;23/1/1669
160;IARLEI ARAUJO SILVA;ANTONIO;AURINETE;M;17/3/7943;6/7/1950
161;MARIA F C;JOSE;MARIA FERREIRA JOSE;F;94/5/2000;31/1/2012
162;DAYENE HOLANDA CARLOS;IIANCISCOKOGERIO CARLOS;NATALIA H A;F;08/2/1881;1/4/3995
163;MARIA A S;MANOEL FONSECA SANTOS;MARIA A L;F;6/5/1958;22/11/1272
164;MARIA PEREIRA SILVA;CKCEROMASCIMENTO SIDVK;PATRICIA PEREIRA ARAUJO;F;30/5/1953;26/2/2071
165;BYATRIZ S M;OEDRO;TEREZINHA SILVA BARBOSA;F;4/6/1980;6/6/1932
166;MANUEL FELIPE ENIVAR;ANTONIO M E;CONCEICAB FEFIPEGOMES;M;2/1/1237;33/4/1946
167;LEONAVDO GOWETE CABLOCO;VILTER SILVA CABLOCO;MARIA G S;M;25/3/1961;5/2/1988
168;LISIA;GERALDO FONTAO FREITAS;MARIA;F;27/11/1974;15/2/1923
169;JOSE MARTINS ESTEVAO;FRANCISCO PEREIRA ESTEVAV;SKZENIF MARTINSVINIRA;M;2/11/1953;22/58/1998
170;RAFAEL ALVES SILVA;ESTAVAM SOUZA SILVA;MARIA ALVES BATISTA;M;8/8/1650;60/12/2058
171;MIKAELLE SILVA HORACIO;FRANCISCO SOUZA HORACIO;MARIA;F;18/1/2004;18/3/2713
172;MARCELA MELO PEREIRA;AGUINALDO CARNEIRO PEREIRA;ELIZIANE MELO CUNHA;F;1/9/1189;30/1/2050
173;PACRIJIA TDACIO SOUZA;FRANCISCH B S;MARIA INACIO BARBOSA;F;8/40/1942;20/1/1953
174;JOSE SAMARA FERREIRA;JOSE S F;ELIANA SAMARA SOUSA;M;30/7/5928;5/3/1997
175;THAYNA M A;JOSE C A;MARIA MARIA VALENTE;F;6/8/1950;27/12/9991
176;IVANDI FREITAS SANTOS;FRANCISCO SILVA SANTOS;FRANCISCA FREITAS MARIA;M;1/11/1973;27/1/2972
177;LUIZ RIBEIRO SILVA;FRANCISCO NOBRE SILVA;MQRIA OJ;M;7/9/1563;9/6/1981
178;FTANWISCO SILJAOLIVEIRA;FRANCISCO NONATO OLIVEIRA;MARIA;M;12/6/1885;28/12/1989
179;CARLOS;FRLACBSRO SILVA SANTOS;FRANCISCA ALVES SOUZA;M;45/1/6946;1/11/1991
180;GUSTAVO;GERALDO BATISTA GIRAO;LUCIA FACANHA RIBEIRO;F;9/2/1989;17/8/2002
181;VALDENE ARCANJO SANTIAGO;NAZARENO MATOS SANTIAGO;RAIMUNDA ARCANJO CHAVES;F;5/6/1943;20/9/1960
182;ANTONIA V A;FRANCISCO ALBUQUERQUE ALCI;CAMILA VANIA VIANA;F;16/3/1871;44/8/5991
183;ANA CORREIA ARAUJO;PEDRO VITAL ARAUJO;MAAIS;F;13/3/2002;14/92/8010
184;JADILMA SILVEIRA LUIZ;ANTONIO ALVES LUIZ;MARIA SILVEIRA FREITAS;F;17/6/1965;11/8/2018
185;PABLO DANTAS TELES;ELIEZER BORGES TELES;FRANCISCL DANTAS MENESYR;M;4/7/2040;5/11/2018
186;GLESSON SANTOS VIANA;ANTONIO BARROSO VIANA;ADELAIDE SACTOS SOUSA;M;20/8/1963;29/7/7957
187;VLADIMIR MATIAS BATISTA;JOSE NOGUEIRA BATISTA;CREUSA;M;27/6/1933;1/3/2005
188;RITA ROCHA WILCIAM;LUCIANO ARAUJO WILLIAM;RITA ROCHA CORDOLINO;F;5/4/2013;50/8/2017
189;ANA GD;RAIMUNDO FERREIRA DIAS;JOANA ERIVAN AIRES;F;21/5/8008;13/11/0013
190;JOSIANE H F;WRANCWSVO S F;FRANCISCA;F;20/4/1959;28/14/3000
191;MARCA;IRAN SILVA PALMEIRA;LUIZA MAIA SOUSA;F;21/3/2089;17/2/2516
192;ESTER URUBURETAMA BRAGA;JOAO E B;MARIA U S;F;5/1/4402;8/1/2017
193;ANA MELO NASCIMENTO;RAIMUNDO;FRANCISCA MELO SANTOS;F;18/0/1948;9/10/4973
194;RAIMUNDA NASCIMENTO FARIAS;MOSE SILVA FARIAS;KARINA NASCIMENTO SOUSA;F;7/9/1908;9/51/2003
195;MARIA;VHLVEMARBERREIRA APOLINDRIO;MARIA CARNEIRO BARBOSA;F;8/5/1946;30/7/1945
196;PEDRO;JOSE;SILVIA MIZZA LIMA;M;7/1/1965;1/12/9974
197;JOSE COSTA PEREIRA;HAMILTON P P;MQRIA COTTF LKCIO;M;13/3/1931;8/3/5973
198;CAMILKCA;GIXVANE F A;TAMIRES CARLOTA SILVA;F;1/7/5004;04/10/2002
199;ANTONIO S M;VANDECI OSVALDO MOREIRA;DELMA SZUZA RARLAS;M;5/7/8636;25/12/3505
200;MARIA;MILTON OLIVEIRA BARBOSA;MARIA SILVA OLIVEIRA;F;4/1/6947;10/11/1959
201;ALEX BRANDAO CUNHA;JOSE BATISTA CUNHA;MARIA BRANDAO ARAUJO;M;44/7/1973;3/9/1910
202;MARIA SILVA FACANHA;FRANCISCO HENRIQUE FACANHA;MARIA S S;F;1/2/2964;5/4/1972
203;MARIA S S;JOSE ALMEIDA SOUSA;MARIASANTO QILVA;F;9/8/1997;2/11/2008
204;MURILO OLIVEIRA ELOI;JOAO V E;MARIA OLIVEIRA LIMA;M;4/7/5931;23/8/0010
205;FRANCISCL S S;VALERIO SMZVA SOUZA;AKTONIX SOUSA MENDES;M;27/8/3002;4/7/3016
206;ADRIANO MARTINS TORRES;BENEDITO A T;MARIA MARTINS ZELIA;M;5/4/1963;8/1/1978
207;MARIA;COSME MACIEL ALMEIDA;MILENA GALDENCIO RODRIGUES;F;8/9/1150;18/6/7963
208;GABRIELLY SOLANO LIMA;ANTONIO;FRANCINETE SOLANO GIRAO;F;24/1/1942;8/5/6909
209;JOAQUIM BARROS ANDRE;LUIS SANTOS ANDRE;ANTONIA BARROS SILVA;M;28/2/1969;18/2/2004
210;JEREMIAS CRISTINA ALDEMAR;GKSE FWRMINJALDEBAR;ELIANE CRISTINA MOTA;M;30/16/1912;23/1/3201
211;MARIA RODRIGUES JORGE;FRANCISCO OJIVEIRA JORGE;JOELMA;F;2/7/1932;13/11/2062
212;ARACELIA PEREIRA VERISSIMO;JACONIAB L V;VANIF PEREIRA INACIO;F;18/1/1438;20/6/7963
213;REGINA MARCAL SOUSA;SRRGIO S S;MARIA MARCAL SILVA;F;4/10/1955;8/8/2010
214;DENISON CAETANO SANTOS;LUCIANO OLIVEIRA SANTOS;ANTONIX CIETANO LIDUINA;M;20/4/1492;23/2/2019
215;ALINNE FATIMA FERREIRA;RAIMUNDO MAIA FERREIRA;MARIA FATIMA SOUSA;F;3/8/2107;14/5/9011
216;JARDEL MOURA SOUZA;ANTONIO SOUTO SOUZA;ANTONIA MOURA SARAIVA;M;23/95/1989;75/8/1018
217;LUCIA L C;FRCNCISCO SILVACAVALCANYE;NONATALOIRDES FESXANDES;F;87/11/9939;6/7/1924
218;ISMAEL RAQUEL JOSE;JOSE;ANA RAQUEL CORDEIRO;M;8/9/2010;19/2/2061
219;ANAOZIO;AMARILDO L A;MARIA SAMPAIO SILVA;M;20/3/4976;89/11/3019
220;ANA;FRENCISCO F S;ADAILZA SANTOS BARBOSA;F;82/2/8803;20/6/2055
221;MARIA FERNANDA ANTONIO;RAIMUNDO VIEIRA ANTONIO;MARIA FERNANDA SILVA;F;22/9/2950;18/3/2018
222;SAMANTHA C M;FRANCISCO;NARIA V S;F;30/9/1993;9/6/2003
223;JOAO EXPEDITA PEDRO;MARCOS GOMES PEDGO;ROSENEIDE E S;M;29/6/2069;24/7/2917
224;JOSE MARIA CASTRO;MANOEL RODRIGUES CASTRO;IVONEIDE;M;06/5/1951;3/4/1959
225;FERNANDA QILVA PEMEIRA;ORLANDO;SILVIA SILVA CELIA;F;4/11/1949;26/2/1969
226;FRANCISCO CASTRO PINTO;JOSE SEVERO PINTO;NEIDE CASTRO PAZ;M;5/9/1829;29/8/2008
227;JOSE SOUSA SILVA;TIAGO SIAVI SILVA;ODETE SOUSA ARAUJO;M;3/8/1754;1/8/1869
228;CELIA QOPRIGUES SNLDHNHA;VICENTE PEREIRA SALDANHA;FERNANDA RODRIGUAS CLEA;F;6/4/1543;11/1/1385
229;LIVIA OLIVEIRA NASCIMENTO;FRANCISCO;BENEDITA OLIVEIRA SANTOS;F;10/3/1377;47/8/2019
230;ELDIJANE;JOAO SILVA SILVA;MARIA TAVEIRA ANDRADE;F;98/2/1937;61/4/1932
231;ROBUANIO OLIVEIRA VIANA;FRANCISCO PEREIRA VIANA;MARIA O S;M;22/2/1984;12/0/2002
232;ANTONIA;COSME;ELENIRA BRITO NASCIMENTO;F;10/8/1955;23/12/7017
233;GILVANIA SENA PEREIRA;JOSIAS;LUSANIRA SENA SOARES;F;7/3/1151;8/5/1996
234;RITA RIBEIRO VIEIRA;LUIZ HOLANDA VIEIRA;VERA RIBEIRO NIVA;F;15/10/7276;0/3/1989
235;UALARA JOSE SORENO;LUIZ BARROSO MORENO;MARIA J N;F;25/00/2293;11/2/2719
236;IARA;PAULO MARTINS SILVA;MARIA ALBUQUERQUE PASSOS;F;15/9/1983;2/3/2703
