ID;Nome;Nome da Mae;Nome do Pai;Sexo;Data de Nascimento
0;AYNOAN CRUZ ANDRADE;LUIZ ALMEIDA ANDRADE;MARIA C F;m;25-8-2046 00:00:00
1;LUSIENE;LEANDRO;MARIA;f;21-3-1997 00:00:00
2;HUMBERTO REIS SANTOS;JOSE AIRTON SANTOS;ABQNDA IIIS MARIA;m;20-4-2007 00:00:00
3;ANTONIO A PINTO;FRANCISCO CARVALHO PINTO;MARIA;m;13-2-2304 00:00:00
4;DEUSIMAR PAIVA FERNANDES;RAIMUNDO B F;XITAPAIVA LIMA;f;29-1-2006 00:00:00
5;GILVANIA LOPES SILVA;RAIMUNDO CARMO SILVA;ANTONIA LOPES JOSE;f;9-9-2032 00:00:00
6;MARIA HELENA AMORIM;FRANCISCO T A;LUANA HELENA SOUTO;f;42-3-2003 00:00:00
7;MARIA ARAUJO ELSON;LUIS FERREIRA ELSON;MARIA RUAUJO LIMA;f;10-9-8489 00:00:00
8;THALYSSON ALVES SANTOS;MAURILIO S S;MARIA ALVES SILVA;m;19-70-2061 00:00:00
9;ALEXANDRE;PAULO ANASTACIO PAIVA;MARIA FERREIRA FERREIRA;m;0-8-2004 00:00:00
10;ANTONIO F M;FRAACISCU MF;MARIA F S;m;28-5-0013 00:00:00
11;MARIA R J;XNNOEL GPYCO JOSE;MARIA R C;f;25-6-2501 00:00:00
12;ANGELA;JOTGE;JACQUELINE RAMOS XIMENES;f;90-9-2007 00:00:00
13;NATANAEL CLEIDE LOPES;WAGNER;ANTONIA C P;m;23-18-2012 00:00:00
14;MAIKON NASCIMENTO CAVLWS;JOSE COSTA CARLOS;ELENICEN M;m;18-3-2040 00:00:00
15;MARIA;PRULOMARUIKK FREFTAS;JOQUEBEDE COELHO CONCEICAO;f;59-7-2009 00:00:00
16;MICHELLI SANTOS AGUIAR;ISAIUS;CYISTIANE S I;f;20-3-2049 00:00:00
17;DAVI DELFINOCARNEIRO;OTACILIO DOMINGOS CARNEIRO;MARIA D Z;m;26-3-1010 00:00:00
18;ROSILANE ARAUJO MORAIS;JOAO NONATO MORAIS;DANDARA ARAUJO LUCIA;f;26-9-2000 00:00:00
19;DAIANE;ANTONIO SILVA QUINTINHO;MARIA DILCA DOURADO;f;7-7-2001 00:00:00
20;DABATHA OLIVEIRA SOARES;FRANCISCO;FRANCILEIDE OLIVEIRA SILVA;f;25-4-2300 00:00:00
21;RAYNARA;FRANCISCO S M;EVILA;f;8-1-2000 00:00:00
22;TAUJO B S;MANUEL;FRANCISCA BARROS SANTOS;m;25-9-2012 00:00:00
23;MAILTON CARLOS OLIVEIRA;JOAO O O;GERALDA CARLOS DORKZ;m;2-4-1096 00:00:00
24;FRANCISCA OLIVEIRA COSTA;ANTONYO C C;MARIA O M;f;45-2-2014 00:00:00
25;VALDEMAR VIEIRA BRAGA;JOSE EMANUEL BRAGA;ISABEL VIEIRA BASTOS;m;7-10-1996 00:00:00
26;RAQUEL;FRANCISCO GOMES DUARTE;MARIA LIDUENA MARTINS;f;13-5-2004 00:00:00
27;MARIA CRISTINA MARTINS;ROBERTO JOHNSON MARTINS;JOANA CRISTINA QUEIROZ;f;25-4-1996 00:00:00
28;FRANCISCA CARVALHO BARBOSA;LEANDRO LOBO BARBOSA;HELOIBA CAJSALHN FIMA;f;19-9-4997 00:00:00
29;ANTONIO LIMA IRAPUAN;VILAMAR ZUCA IRAPUAN;MARIA LIMA FREITAS;m;1-7-2006 00:00:00
30;MARIA GALVAO ZUBA;JEOVA NOGUEIRA ZUBA;MARIA G B;f;10-10-1087 00:00:00
31;MEIRIDIANE SILVA OLIVEIRA;RAIMUNDO OLIVEIRA SILVA;LUIZA SILVA ROCHA;f;10-10-0506 00:00:00
32;MARDSON;EDSON;FRANCISCA ABREU SILVA;m;20-31-1957 00:00:00
33;MARCIANA MAGALHAES FERREIRA;DANIEL FREITAS FERREIRA;FRANCISCA MAGALHAES SILVA;f;14-6-1994 00:00:00
34;FRANCISCO;JOOA SILVA OLIVEIRA;ERILENE CUNHA MARIA;m;20-6-2017 00:00:00
35;MARIA;FRANCISCO CUNHA CARLOS;MARIA BATISTA NOGUEIRA;f;34-8-2013 00:00:00
36;JOSE OLIVEIRA BARBOSB;MANOEL S B;ANA;m;29-4-1996 00:00:00
37;MARIA MOREIRA SOUSA;JOSE AJILA SOUSA;MARIA MOREIRA SILVA;f;15-9-2004 00:00:00
38;CARLOS RIBEIRO SILVA;DAVI A S;RAIMUNDA RIBEIRO AGUIAR;m;17-2-1997 00:00:00
39;CLEILSON;RAIMUNDC AR;MARIA SANTIAGO F;m;49-3-7012 00:00:00
40;FRANCINEUDA SOUZA ALVES;GERARDO;MARIA SOUZA ELIZETE;f;92-3-8998 00:00:00
41;ABILIO ALBUQUERQUE LUIZ;ANTONIO LIMA LUIZ;MARIA;m;54-3-2002 00:00:00
42;PAULO FREDERICO LIMA;FRANCISCO FREITAS LIMA;MARGARIDA FREDERICO FERREIRA;m;13-5-4005 00:00:00
43;KARLENILCE MENEZES ANTUNES;PEDRO CESAR ANTUNES;MARIA MENEZES SILVA;f;30-7-0002 00:00:00
44;GILTON LIRA GOSTA;GLEYSON PAULO COSTA;FRANCISCA LIRA DARC;m;3-0-3014 00:00:00
45;FRANCISCO SILVA LOURENCO;ADEMAR L S;MARIA SILVA SILVA;m;16-7-2382 00:00:00
46;ANTONIA EDINA ALMEIDA;FRANCISCO M A;MARIR MDINA BXTBSHA;f;30-3-2006 00:00:00
47;ANA NASCIMENTO MARQUES;WPLLINGTON ILVA MARQUEH;WONICA NASCIMENTV BAWBESA;f;11-2-2013 00:00:00
48;MARIA JOSENI GONZAGA;JOAO FERREIRA GONZAGA;AURINEIDE JOSENI COSTA;f;9-2-1996 00:00:00
49;ANTONIA T N;JOAO SILVA NASCIMENTO;LUZIA SOUSA FERREIRA;f;43-5-1999 00:00:00
50;JOSE ALVES NASCIMENTO;LINREMBERG BILVA NASCIMENTO;RAFAELA ALVES MARTINS;m;27-4-2019 00:00:00
51;LAISSA OIEIRA LIMX;FUANCISCO LIMA LIMA;ROSINETE;f;6-5-1597 00:00:00
52;ANA SILVA CASTRO;HRANZIYCORIBTIRO CASTRO;MARIA SILVA BASTOS;f;1-10-3005 00:00:00
53;BRUNA;JOAO S R;ROSANGELA ANDRADE PONTES;f;1-7-1997 00:00:00
54;MARIA RIBEIRO MOTA;REGILMARIO REIS MOTA;ELIDIANE RIBEIRO MELO;f;9-9-2001 00:00:00
55;BRUNA ROCHA SILVA;JOAO S S;MARIA ROCHA SILVA;f;68-2-2908 00:00:00
56;MARIA A A;FRAACUGCO JOSE ASSIS;DIANA;f;18-1-3991 00:00:00
57;MATHEUS SOUSA FILHO;JOSE LIMA FILHO;MARA SOUSA LIMA;m;11-21-2000 00:00:00
58;WILTON S O;VDSON SIUSA OLIVEIRA;FRANCISCA;m;13-1-2012 00:00:00
59;VALESKA SILVA CASTRO;JOSETE SOCZA CASTYO;LUCILEUDA SILVA HOLANDA;f;7-8-2007 00:00:00
60;ALZERINA PENHA SILVA;AURILO FARIAS SILVA;FRANCISCA PENHA SILVA;f;22-82-2710 00:00:00
61;JOAO S S;PEDRO CARNEIRO SILVA;MARIA SOUSA PAIVA;m;4-10-2005 00:00:00
62;IRENO VLVES OLVEIRA;ANTONIO BESERRA OLVEIRA;FRANCISCA ALVES CAVALCANTE;m;29-11-9013 00:00:00
63;ADRIANA ISABEL MACEDO;JOAO ARAUJO MACEDO;AFDEMIRA ISABEL SOTZU;f;14-11-2004 00:00:00
64;IVAMAR CHAGAS GEORGE;LIBERATO M G;VANIA CHAGAS FRAGOSO;m;4-1-1995 00:00:00
65;RAIMUNDO VERAS SILVA;FRANCISCO MANUEL SILVA;LIDUINA VERAS ALBETIZA;m;28-5-4007 00:00:00
66;FRANCISCO MONTEIRO OLIVEIRA;JOAO;LUIZA MONTEIRO GALENO;m;35-7-1084 00:00:00
67;FRANCISCO ROBENIR SANTOS;FRANCISCO;HELZINE ROBENIR BRAGA;m;28-6-2614 00:00:00
68;JAIME O F;JOSE SILVA FERREIRA;MARIA OLIVEIRA SILVB;m;20-7-2009 00:00:00
69;SHEILA S P;JOAO PEREIRA SILVA;ANA SILVA SOCORRO;f;86-11-1998 00:00:00
70;PEDRO TEODOZIO SANTOS;CORLOS FERREIRA SANTOS;MARIA TEODOZIO GOMES;m;12-4-1997 00:00:00
71;JOSE SILVA SOUSA;GENILSON RIBEIRO SOUSA;SEJASTLANA S M;m;0-3-2006 00:00:00
72;GLEICIANE F L;JOSE AMARO LIMA;MARIA;f;9-8-2205 00:00:00
73;MANIAC C;JOSE ZRAHEO CLENIO;MARIA C MORAIS;f;5-5-2013 00:00:00
74;LARA SILVA SOUSA;RAIMONDO HENRIQUE SOUSA;KARIASILVAPEREINA;f;3-7-2076 00:00:00
75;SIMONE P T;ROBERTO TAVEIRA THEMOTEO;REONA;f;12-9-2001 00:00:00
76;TATIANE LUCIA PAULA;MARCELO ABREU PAULA;SUELY L D;f;28-4-1996 00:00:00
77;SILVIA X F;FRANCISCO HENRIQUE FERREIRA;MARIA N A;f;23-5-2853 00:00:00
78;LUCINA VENANCIO SILVA;MANOEL GONZAGA SILVA;MARIA VENANCIO AUGUSTA;m;5-10-7993 00:00:00
79;NATALIANA;EDILSON C M;XARIA M Q;f;29-14-2047 00:00:00
80;DIEGO LIMA JOAQUIM;FYANCISCO ROLHX JOAQUIM;MARIA LIMA KAROLINE;m;29-0-1996 00:00:00
81;FRANCISCO S N;FRANCISCO NETO SILVA;MARIA SILVA PEREIRA;m;17-4-2614 00:00:00
82;EMILY TEIXEIRA PINHEIRO;FRANCINCO ESTDFAM PINHEIRO;VERA TEIXEIRA CARVALHO;f;20-9-2012 00:00:00
83;JOAO VERONICA CASSIA;JOSE MESSIAS CASSIA;BALBINA VERONICASANTOQ;m;25-10-2004 00:00:00
84;MARIA GOMES ALMEIDA;ELAIBE SILVA ALMEIDA;MARIA GOMES COSTA;f;9-17-2004 00:00:00
85;JOSE SANTOS LIBERATO;PEDRO SOEDES LIBERATO;JULIA SANTOS SOCORRO;m;5-2-1391 00:00:00
86;CLEMERSON SILVA OLIVEIRA;EWERTON OLIVEIRA OLIVEIRA;ANTONIA SILVA MELO;m;24-2-2004 00:00:00
87;JOQOCRUZ CUNXA;JULIO SOUSA CUNHA;JOSEFA CRUZ BRITO;m;11-8-2092 00:00:00
88;JOSIANE ARAUJO MARTINS;JOSE;ANTONIA ARAUJO SILVA;f;18-6-2411 00:00:00
89;ZEILLANE CUZIRENEROGHA;PEDRO TEIXEIRA ROCHA;TEREZA LUZIRENE FERREIRA;f;15-8-0045 00:00:00
90;IGOR SANTOS OLIVEIRA;AERIANO SILVA OLIVEIRH;MKRCIA SANTOS ROSMLINO;m;2-6-1993 00:00:00
91;GLORIA;ANNTKIO D P;SKIWI MAXQUTY SILVA;f;4-9-0012 00:00:00
92;RAIMUNDO ALVES SOUSA;FERNANDO COELHO SOUSA;YILDC ALOES UIMA;m;27-5-2008 00:00:00
93;LILIAN BERNARDO SOUSA;IRACI SIIVASXUSA;MARVABERJIRBO MARTINS;f;70-19-1986 00:00:00
94;VALDIRA LIMA NETO;JOSE SOUSA NETO;JACIRA L N;f;14-5-5007 00:00:00
95;VAFETSA YPLFINO RONEO;FRANCISCO SILVA ROSEO;JULIA;f;9-2-1085 00:00:00
96;MARIANA OLIVEIRA OLAVO;JUVENIANO;REGINA O M;f;21-0-2005 00:00:00
97;FRANCISCO SANTOS FREITXS;ADEMILTON LIMA FREITAS;FATIMA SANTOS SILVA;m;8-9-2071 00:00:00
98;MARCOS;JOAO ARAGJO ALBZQQERQUE;CECY FERREIRA CARVALHO;m;10-2-2802 00:00:00
99;MARIA N P;MARCIO SKNTOS PEREIEA;LUCIA NASCIMENTO SILVA;f;60-6-2040 00:00:00
100;KARLA COSTA SANTOS;FRANCISCO SILVA SANTOS;NILMA FOSTA VILVA;f;19-1-2806 00:00:00
101;NICOLE LIMA MANUEL;JUVANCI SILVA MANUEL;MARIA;f;7-18-3059 00:00:00
102;KARINA;ARMANDO MOURA ROCHA;ANTONIA BALBINO NOGUEIRA;f;09-7-2055 00:00:00
103;SESIVALDC J G;PAULO CHAGAS GUEDES;VALDEMIRA JESUS MARIA;m;15-9-2008 00:00:00
104;ERISMAR HOLANDA SILVA;DAVI LIMA SILVA;MARIA;f;6-9-1994 00:00:00
105;SEBASTIAO ESTELA SANTOS;KLEYSON MELO SANTOS;LUXZA EQBETA MARTINZ;m;20-10-1998 00:00:00
106;EDIR SANTOS SILVEIRA;LEODORO G S;LUCIANA SANTOS SANTOS;m;2-5-2011 00:00:00
107;RAYSUA NIMA SILVA;ANTONIO CARLOS SILVA;LUCILIA LIMA LUCIMAR;f;33-1-8002 00:00:00
108;ADRIANO FERREIRA MELO;MANUEL;FRANIISSA;m;13-4-2310 00:00:00
109;ANDERSON O S;FRANCISCO RABELO SILVA;EXPEDITA O M;m;2-6-4935 00:00:00
110;MICHAEL N C;FRANCISCO BATISTA CARLOS;MARIA NASCIMENTO BARROS;m;26-7-1997 00:00:00
111;MARIA;JOSE BARROSO SOUSA;ANA SILVA PEIXOTO;f;13-3-1997 00:00:00
112;ELINEIDE;FRANCISCO PEREIRA JOHNSON;MARIA;f;04-5-2714 00:00:00
113;FRANCISCA ANGELO SILVA;PAULO RICARDO SILVA;MARIA;f;16-4-2713 00:00:00
114;FRANCISCA;JOSE SOUSA INACIO;MARIA LIMA FERREIRA;f;60-9-2002 00:00:00
115;JEFFERSON VIANA SILVA;ANTONIO SILVA SILVA;FRANCISCA V S;m;17-6-8002 00:00:00
116;JOSUE;JOSE RIBEIRO MARDONIO;RAIMUNDA SOUSA RIBEIRO;m;15-4-1796 00:00:00
117;ANA LIVRAMENTO SILVA;FRARIO F S;SILVANIA LIVRAMENTO SANTOS;f;5-9-2006 00:00:00
118;EDUARDO HERCULANO NONATO;FRANCISCO SILVA NONATO;MARIA HERCRLANOSIQUEIRA;m;24-19-2036 00:00:00
119;CLEIDIANE A B;JOSE;ELIZABETE ARAUJO AZEVEDO;f;5-2-0999 00:00:00
120;CIRINEU;JOSE L A;RAIMUNDA PEREIRA PINHA;m;58-9-2001 00:00:00
121;LUCIANA GOMES PEREIRA;CRISTIANO DIAS PEREIRA;AMANDA;f;29-7-2809 00:00:00
122;RAISSA SILVA PEREIRA;HONORIO ALELINO PEREIRA;JULIETA SILVA SANTOS;f;26-6-2008 00:00:00
123;DIEGO I S;ANTONIO TILVA OOUSA;ZORIA I P;m;4-3-2001 00:00:00
124;DIEGO SILVA MARQUES;FRANCISCO FIGUERERO MARQUES;IOLANDA SILVA SILVA;m;25-6-2043 00:00:00
125;ALANA FERREIRA CARVALHO;HELCIO;RAIMUNDA FERREIRA SOUSA;f;86-4-2010 00:00:00
126;MARIA SANTANA NASCIMENTO;GAETANO SOARES NASCIMENTS;MARIA;f;24-5-1096 00:00:00
127;MARIA FORTE ADNUMEAR;MANOEL SOUSA ADNUMEAR;REGIANE F S;f;14-7-1997 00:00:00
128;FABIANO A S;JOSE;ROSANGELA ABREU CANDIDO;m;7-6-1999 00:00:00
129;WESLLEY GOMES CHAGAS;MIGUEL E C;MARIA GOMES MOREIRA;m;27-6-2007 00:00:00
130;NICOLAS SILVA FRANCIMELO;HELIO OLIVEIRA FRANCIMELO;MARIA S S;m;6-2-9004 00:00:00
131;ERDC;OSVALDO ALCANTARA SILVA;TEREZINHA;m;20-5-9008 00:00:00
132;LEIANE;JOSE SOUSA SOUZA;LUZIA;f;9-7-6006 00:00:00
133;HELIDA;PEDROHAROLDO SANTAS;SHEIL SUSETE OLIVEIRA;f;3-8-2711 00:00:00
134;ANA L R;DRANCISCO SWNRUS RIGEROO;MARIA LOPES MEDEIROS;f;22-9-2011 00:00:00
135;MARIA ASMEIDA GALDINO;FRANCISCO BATISTA GALDINO;MARIA ALMEIDA MESQUITA;f;24-1-2008 00:00:00
136;FRANCISCO CILENE SOUSA;OSMUNDO NASCIMENTO SOUSA;MARIA CILENE SILVA;m;5-11-2014 00:00:00
137;JOEL;LEANDRO CARLOS SILVA;MARIA MACIEL ARAUJO;m;5-61-2405 00:00:00
138;MARIA RODRIGULS SABOME;JOSUE SILVA SALOME;MARIA R E;f;22-8-1044 00:00:00
139;ETEFANY SOUZA SILVA;FRANCISCO;MARIA;f;4-3-8994 00:00:00
140;JESSICA OLIVEIRA JACINTO;MARCELO X J;FRANCISCA OLIVEIRA MUNIS;f;14-11-2015 00:00:00
141;KARTEGIANO;VICENTE MARIA NASCIMENTO;MARIA SOUZT FEIZOSA;m;14-6-2066 00:00:00
142;MARIA SILVA ALMEIDA;FRINCISCO JOSE ALMEIDA;MARIA S S;f;26-4-1927 00:00:00
143;FERNANDA SILVA FELISMINO;ALBERTO BANDEIRA FELISMINO;RITASILVA ANDRADE;f;34-8-5002 00:00:00
144;AQNA ALENCAR MELO;JOSE;RITA ALENCAR LARANJEIRA;f;9-2-2206 00:00:00
145;REGIVKE LZLVY TJVARES;PEDRO FREIRE TAVARES;CLAUDIA S C;f;88-6-2897 00:00:00
146;ELVIS;AETOCIOALXES VILVA;MARIA LIRA RUTE;m;18-4-2001 00:00:00
147;LOAMI FERNANDES NICACIO;JASE REIL NICACIO;ANTONIA;m;33-4-7003 00:00:00
148;THIAGO ARAUJO GINO;VINICIOS;FRANCISCA ARAUJO MACEDO;m;97-1-2003 00:00:00
149;MICAELE;CLATINDO;GERLANDIA FELIPE SILVA;f;11-4-2090 00:00:00
150;JOAO OLIVEIRA XAVIER;JOUE SANTOS XAVIER;MARIA OLIVEIRA ALVES;m;11-3-2087 00:00:00
151;YASMIM RIBEIRO ARAUJO;CLODOALDO;SAMILA RIBEIRO EUGENIA;f;8-1-5607 00:00:00
152;DANEELE NAZINNJ ALMSODA;JOSE SILVA ALMEIDA;MARIA NAZIENE SILVA;f;32-1-1997 00:00:00
153;JOSE B RIPARDO;JOSE ALEXANDRE RIPARDO;MARBA BCAHYLCANTE;m;77-7-2002 00:00:00
154;LUCSANO;FRANCISCO OLIVEIRA MACEDO;ANTONIA SIZVA OLIVEIRA;m;20-9-1994 00:00:00
155;WILSON SILVA FERREIRA;MARCOS BANDEIRA FERREIRA;FRANCISCA SILVA SALES;m;17-7-1197 00:00:00
156;SARA O W;JOSE LOPES WILTON;MARIA OLIVEIRA LIMA;f;22-6-2092 00:00:00
157;JOAO CAMARA BERNARDO;RAIMUNDO MELO BERNARDO;MARIA C S;m;24-2-2071 00:00:00
158;VITORIA COOTA ARJUJO;REGINALDO;FRANCISCA C M;f;4-2-1990 00:00:00
159;JOSE P MARQUES;JOAO COSTA MARQUES;ANA P SANTOS;m;21-11-2003 00:00:00
160;YSADORA M E;JOSE;ANTONIA MOREIRA SILVA;f;17-4-2044 00:00:00
161;POLIANAMAGALNAPS ILIVEIRM;TAFAEL;LUIZA MAGALHAES TEIXEIRA;f;12-4-2477 00:00:00
162;MARIA;FRANCIKCO ALNVIFA BOURA;MARIA FREITAS MACEDO;f;25-31-1999 00:00:00
163;MARIA VITORINO RAIMUNDO;CARLOS;REVINAV S;f;17-6-1011 00:00:00
164;JOSE OLIVEIRA TRIBUTINO;CARLOS WILSON TRIBUTINO;LUCINETE OLIVEIRA OLIVEIRA;m;21-9-2003 00:00:00
165;CARLOS MARIA OLIVEIRA;ROMUKO S O;MARIA;m;9-11-2001 00:00:00
166;NATIELY NASCIMENTO ANTONIO;JOSE BRITO ANTONIO;JOELA NASCIMENTO FREITAS;f;5-8-2985 00:00:00
167;DAVINYCARMO SILVA;JOSE SILVA SILVA;FRAKCELY CARMO RODRIGUES;f;1-4-8944 00:00:00
168;WILLIANA SOUZA GOMES;SEBASTIAO CARVALHO GOMES;MARIA HOUZA PEDRO;f;9-8-2006 00:00:00
169;AURIWELIA VIEIRA HERCULANO;QOAO ANDRADE HERCULANR;MARIA VIEIRA SIEBRA;f;7-1-2004 00:00:00
170;MARIA NASCIMENTO ALVES;SAMUEL MARIA ALVES;CRISTINA NASCIMENTO BRITO;f;23-1-2490 00:00:00
171;RAQUEL CONCEICAO SOARES;JOSE ANTONIO SOARES;ANGELA C A;f;15-7-2003 00:00:00
172;IGOR L I;ANTONIO;MAVGARMDA;m;11-8-2012 00:00:00
173;JOAO;ADALMIR F T;EDIANIRA SANTNS APAYEQIDA;m;66-9-1995 00:00:00
174;ROSANGELA G S;JOSE SILVA SANTOS;ERINEUDA GUILHERME BORGES;f;27-7-2011 00:00:00
175;ELIEL ANDRE MATOS;FRANCISCO ASSIS MATOS;FRANCIRMA A P;m;6-8-2009 00:00:00
176;CSCERAF P;FRANCISCO FIGUEIRAS PEREIRA;FAVILANEFZRREIRA SILFA;f;3-10-2009 00:00:00
177;BURINETE NASCIMWPWJ SERGIO;FRANCISCO;YRBNCISCAN S;f;9-5-1765 00:00:00
178;MARISA OLIVEIRA SOUSA;JOSE G S;MICHELE OLIVEIRA SOUSA;f;18-8-2001 00:00:00
179;JOAO O M;JOSE TARGINO MENEZES;MARNA OLIVXIRA SILVA;m;28-11-2011 00:00:00
180;SARIA K C;JOAO A C;FLAVIANA FRANCISCA OLOVEIRA;f;72-11-8742 00:00:00
181;TALITA OLIVEIRA SILVA;BRUNO N S;MARIA OLIVEIRA SILVA;f;1-8-1992 00:00:00
182;BRUNOGDAUGISA CARBEIRO;FRANCISCO SILVA CARNEIRO;ANA ADAUGISA LIMA;m;12-8-2701 00:00:00
183;FLAVIO NASCIMENTO BARBOSA;RAUMUNDO SSLVA BARBRSA;MARIA NASCIMENTO BARROS;m;3-6-2093 00:00:00
184;ANTONIO C N;AMARILIO PAULA NONATO;ELISANGELA C G;m;14-4-6014 00:00:00
185;ANA GOMES SILVA;FRANCISCO LAZARO SILVA;MARIA;f;50-9-2004 00:00:00
186;JAIRTON PINHO OLIVEIRA;HENRIQUE ANTONIO OLIVEIRA;WLESSAZDZA PIZHO SOASES;m;17-6-2001 00:00:00
187;FRANCISCO ALVES AGUIAR;GLAILLON EGUIAR ALVEV;MARIA ALVES SANTOS;m;23-6-2001 00:00:00
188;ANA HOSANA MARCOS;ADRIANODUAVTE MARCOS;CARMELINDA HOSANA SILVA;f;15-3-2908 00:00:00
189;NICLAILTON LILIANA ASSIS;NARCELIO;FLAVIANA;m;12-10-2007 00:00:00
190;MARIA C S;JEOVAH SANTOS SANTOS;MARIA CASTRO LIMA;f;6-9-2600 00:00:00
191;WAQDOLUCHA SILVA MOUZA;JOSE P S;MARIA SILVA SILVA;f;6-1-2542 00:00:00
192;EMILIO ALENCAR SANTOS;RAIMUNDO C S;RAIMUNDA A M;m;3-7-5597 00:00:00
193;CICERO SOUSA MOURA;GILBHRTO;MILENA SOUSA CARVALHO;m;10-8-2087 00:00:00
194;LDILSON ILIVEIRASDLVA;FRANCISCO SILVA OLIVEIRA;APARECIDA OLIVEIRA PAIVA;m;97-7-2001 00:00:00
195;FRWNCISCO;BENEDITO LIMA MIRANDA;FRANCISCA SOARES SAMPAIO;m;11-5-6000 00:00:00
196;MARIA S P;KLEVES FILHO PAULO;MARCIA SANTOS SALES;f;8-7-2811 00:00:00
197;MARIA RODRIGUES FARIAS;RAIMUNDO;MYRIA;f;17-21-2023 00:00:00
198;JOSE SILVA LOPES;JOSE;HILDA SILVA GUIMARAES;m;5-11-1888 00:00:00
199;FRANCISCO O A;AGOSTINHO MENDONCA ADAILTON;ZUILA OLIVEIRA NUIVEIRA;m;4-0-2004 00:00:00
200;MARIA OLIVEIRA SILVA;FRANCISCO PEREIRA SILVA;CLEIDE OLIVEIRA LIMA;f;28-6-8018 00:00:00
201;SABRINA RODRIGUES MOREIRA;EVYNGJLISTA PAIVAMOWEIRV;MARIA R S;f;27-8-2002 00:00:00
202;CAMILA ARAUJO UBIRACI;GERALDO;JESSISA;f;12-10-2062 00:00:00
203;MASRCIO;JOEL BARBOSA SOBRINHO;MARIA S G;m;56-2-2046 00:00:00
204;NADIELLE SILVA OLIVEIRA;JOSE COELHO OLIVEIRA;MARIA SILVA SOCORRO;f;29-9-2006 00:00:00
205;ERILENE S I;FRANCISCO SILVEIRA ISIDRO;FRANCISCA;f;21-3-6008 00:00:00
206;MARIA MOTA COSTA;JOSE RUFINO COSTA;DELZUITA M S;f;1-11-4001 00:00:00
207;MAFNUT;FRANCISCO SOUSA PAIVA;ALBERTINA LIMA LOURDES;m;26-10-2007 00:00:00
208;FRANCISCA CLAUDENIA MACHADO;TEOTONIO PAULINO MACHADO;MARIA CLAUDENIA SOUSA;f;22-7-2008 00:00:00
209;MARIA SANTOS PIRES;RAIMUNDO PIRWS NERDS;AARIA S M;f;17-2-1999 00:00:00
210;ANTONIELDA DALTA FERREIRA;EDILSON JARDIM FERREIRA;MARTA D R;f;2-8-2008 00:00:00
211;ARTHUR MOURA PERREIRA;FRANCISCO;ANTONIRMOURJ CARYALHO;m;24-11-1599 00:00:00
212;ANTONIO PEREIRA MOURA;JOSE HENDRIK MOURA;GERALDIISPEREIRALIMA;m;6-4-2013 00:00:00
213;VANGZA PEREIRA AZVJS;FRANCISCO SILVA ALVES;RAIMUNDA P G;f;9-8-2058 00:00:00
214;TENORIO;BENICIO NASCIMENTO EUDO;ANTONIA SILVA FACANHA;m;28-11-2024 00:00:00
215;ROBSON CARNEIRO DELFINO;EDILBERTO RIBEIRO DELFINO;TANILDA CARNEIRO COSTA;m;25-7-1996 00:00:00
216;FLAVIA M F;DIEGO ROCHA FERNANDES;MARIA MARIA BENEDITO;f;14-5-1985 00:00:00
217;ROBIKOLSIYVA QBREU;JAKSON GOMES ABREU;FRANWIBCA SILVA THMA;m;31-1-2024 00:00:00
218;JOSE;JOSE F S;BENEDITA SILVA AMARANTE;m;17-8-2010 00:00:00
219;SARAH SALES AGUIAR;JOSE SILVA AGUIAR;MARIA;f;46-6-2714 00:00:00
220;SILVIA SOARES SOUSA;SEBASTIAO DIOLINO SOUSA;MARIA SOARES ALENCAR;f;13-3-2011 00:00:00
