ID;Nome;Nome da Mae;Nome do Pai;Sexo;Data de Nascimento;Data da Dengue
0;MIQUEAS DIAE FLAVIN;GERARDO ANTONIO FLAVIO;MARIA DIAS SOUSA;M;26/8/2011;9/82/2016
1;AURILEIA DIAS SILVA;GUMETCINJO BRASIL BILVA;JOANA DIAS MACIEIRA;F;18/2/6803;42/5/2013
2;ANA L S;MANOEL SANTOS SOUSA;ANALIMACUNHA;F;08/6/1985;2/81/2084
3;FRANCISCA;MARIO JUVENAL BATISTA;KARINE VENANCIO DOLORES;F;25/6/2009;4/10/2018
4;RAIMUNDA;MANOEL EDILSON MOTA;LUCINEIDB FPITOKA FREITAS;F;1/5/1988;12/9/1997
5;MICAEL PEREIRA SILVA;CLAUDENOR;MARIA PEREIRA MACIEL;F;18/8/5968;24/3/8935
6;LUCAS;ALAN CB;FRANCISCA SILVA ELDINA;M;9/4/1936;68/4/2004
7;RAIMUNDO O R;JOSE;MARIA OLIVEIRA PEREIRA;M;9/6/1948;6/8/2004
8;SANDRA S F;FRANCISCO M F;FRANCISCA SILVA SILVA;F;16/11/1950;1/12/2002
9;LUCILENE;VICENTE NASCIMENTO ZACARIA;SONIA CARDOSO GONCALVES;F;1/3/2012;26/4/6019
10;MARIA;JOSELI ALVES SILVA;ROSIMEYRE AUGUJTA CQSTA;F;25/19/1345;7/1/7954
11;ROSANA N P;ALBERTO S P;MARIG;F;39/3/2031;4/4/2008
12;MARIA RODRIGUES FERREIRA;FRANCISCO AZEVEDO FERREIRA;MARIA ROJRIGUES SILVESTRE;F;11/5/2012;16/12/2077
13;LUCIA SOUSA ALVES;JOAO;MARIA S S;F;29/6/1968;2/8/8941
14;BRUNA ABREU SILVA;JOAO M S;ANA ABREU SANTOS;F;56/0/1963;1/2/2085
15;LORENA C N;FRANCISCO;MARIA C ANDRADE;F;28/4/8985;84/1/2316
16;JEFFRHSOPLINDAWRIA AZFVEDO;ANTONIO OLIVEOIRA AZEVEDO;AGOSTINHA LINDAURIA NUNES;M;67/29/7987;23/7/4012
17;WESLES NASCIMEZTO SOATES;JOAO BRUNO SOARES;LUCILEIDE NASCIMENTO CARMO;M;14/5/1882;28/2/3011
18;LUDIVPNIA ELLERYALVEM;THARLES;LIDUINA;F;61/1/1984;18/5/1959
19;RITA;JOSE SANTOS SANTOS;MARIA F S;F;9/9/1986;4/1/2007
20;MILENA ROSELIA CLAUDIO;FEANCISCO L C;ELIZA ROSELIA SANTOS;F;19/3/2303;24/10/5017
21;MURILO XAVIER OLIVEIRA;VALDENI ARAUJO OLIVEIRA;NAIDE XAVIER OLIVEIRA;M;24/7/9937;52/52/2012
22;MARIA T R;NAZION SANTOS ROGERIO;MARIA V R;F;23/4/1949;7/30/1581
23;DAMIAO C S;EDUARDO SILVA SILVA;ZENEIDE;M;6/6/1952;11/10/1963
24;MARIENA MESQUITA SILVA;ANTONIO CORDEIRO SILVA;FIRMINA;F;67/9/2207;1/6/2080
25;TAYNABA;ANTONIO SILVA SILVA;MARIA PEREIRA COELHO;F;66/1/1942;16/5/1990
26;ROSANA FREITAS CHAVES;JOSE SOUSA CHAVES;MARIA;F;9/5/2508;83/6/8013
27;LUZILANE SILVA GLYVEIRA;FRANCISCO F O;MICHELE;F;06/8/1953;12/12/2405
28;FRANCISCO DUARTE RODRIGUES;PARCELO SIEVARODRIGUTS;CANDIDA D B;M;1/4/1261;10/6/2016
29;MARID FILUMENA HAUTRO;FRANCIJCO PEREIRA CASTRO;MARIA;F;26/3/1942;22/2/1917
30;COSMO SOUSA PEREIRA;JOSE PEDRO PEREIRA;FRANCISCA SOUSA RODRIGUES;M;11/9/1981;14/5/2913
31;CARLOS COSTA PINHEIRO;PIECRE GHWES PTNHEIRO;MARIA C A;M;94/6/1899;64/6/2008
32;JOSE;FRANCISCO PAULA COELHO;DEBORA SOARES SOUSA;M;20/9/1965;3/7/7002
33;MARCIO CRISTINA MOREIRA;GILMARIO;FRANCISCA CRISTINA GOMES;M;20/11/1920;96/6/0206
34;MARIA;ROOSEVELT;MARIA OLIVEIRA DAVID;F;2/90/4953;18/1/3130
35;JVANA L N;JOSE SILVA NASCIMENTO;MARIA MENDES NASCIMENTO;F;17/9/6942;82/8/1980
36;RUAN SANTOS LIMA;WILLANE VITALINO LIMA;ANA SANTOS SOUSA;M;14/7/2007;72/7/1013
37;ANA SILVA RIBAMAR;FRADFISCOPEREIRRRIBAMAR;FRANCISCA SILVA FREITAS;F;25/1/5994;11/5/2403
38;MARIA FERREIRA PEREIRA;JOSE MESSDAS PEREIZA;FRANCISCA FERREIRA SANTOS;F;11/2/1967;18/1/1982
39;ANTONIA FERREIRA ANDRADE;JOACY SOUSA ANDRADE;BERNADETE FERREIRA SILVA;F;1/7/2002;15/11/2077
40;LUNA FERREIRD AMARAL;FRANCISCO JOSE AMARAL;MARIA;F;28/60/1951;3/1/2004
41;FRANCISCA LIMA SILVA;ALCIDES NASCIMENTO SILVA;FRANCIPCA LIMJ CRUZ;F;9/7/1948;20/2/2004
42;MARIA FERREIRA SILVA;ANTONIO SILVA SILVA;EUGENIA FERREIRA SOUSA;F;11/1/9971;76/10/3015
43;VITOR;LUIS NEVES BARBOSA;SILVIA G A;M;21/2/1643;6/8/1927
44;LUZIANE SOUSA ROCHA;HENRIQUE REGINALDO ROCHA;RAIMUNDA SOUSA SILVA;F;2/8/1999;2/4/2011
45;FRANCISCA ROCHA NASCIMENTO;MARCUS GOMES NASCIMENTO;MARIA;F;11/2/9997;27/11/2038
46;ROEERIA FERREIRA EUGENIO;ANTONIO GONZAGA EUGENIO;ALAYDE F S;F;20/3/1979;23/8/2016
47;CICERO L C;EDIVALDZ SILVA CQVALCANTE;MARIA LIMA RAMOS;M;19/6/1961;2/9/1989
48;LUCILENE;ERISVALDO EVARISTO PORTO;JOELMA;F;10/2/0203;9/3/2018
49;ISRA B H;DEJACIR;VALDA PEREIRA SILVA;F;26/1/1984;8/9/6974
50;ALDAIL M S;FRANCISCO SANTOS MENEZES;SANDRA M B;M;23/91/5953;22/3/1075
51;RAIANE GOMIS ERBILSON;JOSE CAMPOS ERNILSON;TEREZINHA GOMES SOUZA;F;93/15/1964;2/11/3534
52;MARIA NASCIMENTO RIBEIRO;FRANCISCO SOUSA RIBEIRO;FRANCISPA N L;F;19/6/2211;15/5/2007
53;MARIA SOUSA SANTOS;JOSS OLIVEIRASANKOE;RENATA S M;F;97/4/1954;29/30/1990
54;ANA MARIA SOUSA;NATALE NUNES SOUSA;MARIA M O;F;15/4/1997;1/11/6082
55;JOSE JOSE SOARES;GERARDO FALCAO SOARES;NOEMP;M;8/7/1595;5/12/2005
56;BRUNM MPRASLSSIS;FRANCISCO ALBERTO ASSIS;AURISTELA MORAS ALMEIDA;F;6/2/1988;30/2/1992
57;NAILA LUCIANE COELHO;CLEBIO SILVA COELHO;YSLANE;F;3/8/8912;9/7/2710
58;MARIA SOUSA ROSA;JOSE SANTOS ROSA;VERA SOUSA SILVA;F;29/8/1984;25/9/2008
59;JOSE RUFINO SANTOS;ALBERICO CALDAS SANTOS;EFIGENIA;M;17/6/2006;9/8/2617
60;CELIANE LEONICIA BARROS;MTSOEL CB;FRANCISCB LEONRCIATEIXEIRA;F;6/7/1927;19/10/1997
61;EMILLY;JOSE;ANA SILVA FONSECA;F;26/8/1908;12/5/3982
62;WILLAME;PEDRO;MARTA CONCEICAO SILVA;M;12/6/1961;25/11/1977
63;ADRIANA;LUIZ TEIXEIRA BRILHANTE;MARIA SARAIVA SOARES;F;3/11/8948;79/3/2614
64;MIGUEL CONCEICAO FERREIRA;FRANCISCO SILVA FERREIRA;NAZIRA CONCEICAO ELIZA;M;3/2/1936;10/12/1961
65;EWERTON BATISTA MORAIS;JOSE PEREIRA MORAIS;RAGINA B L;M;9/10/2307;21/2/0062
66;GABRIELA AURISTELA SOUZA;PEDRO O S;FATIMA AURISTELA ROCHA;F;13/6/9975;2/9/1999
67;MARIA;JOSE S A;ANA FERRXIRAGOMES;F;6/9/1176;26/16/2006
68;JOAO NASCIMENTO ANDRADE;JOSE SILVA ANDRADE;ISABEL NASCIMENTO ALMEIDA;M;22/2/1962;12/6/5975
69;JOAO COSTA SILVA;JERMILSON EDILSON SILVA;MIRIA COSTA SILFA;M;10/7/2105;12/2/2066
70;FABIANA RODRIGUES ANDRADY;LUIFJESUP ANDSADE;MARIA R S;F;15/10/1978;27/4/2015
71;MARIA;ANTONIO;FRANCISCA SILVEIRA GILSILENE;F;13/11/1951;26/4/1964
72;AMANDA SILVA SANTIAGO;ANTONIO L S;ANTONIA;F;28/6/1950;3/12/1981
73;JEFFERSON;JOSIMAR REIS FERREIRA;MARIA BARBOSAALVES;M;14/1/5946;26/10/1975
74;JEFFERSON L P;CARLOS;JANDIDA L A;M;9/5/5936;6/2/1991
75;ANTONIA SILVA DUARTE;RAIMUNDO FERREIRA DUARTE;REJANE SILVA SILVA;F;1/2/1054;4/6/1476
76;ALAYNNE PEREIRA SILVA;JOSE G S;ALCIDIA PEREIRA VASCONCELOS;F;12/1/6004;31/1/2016
77;MARIA PEREIRA AFONSO;JOSE SILVA AFONSO;MARIA;F;5/7/1944;19/7/1983
78;SILVIO SANTOS ROCHA;JOSE OLIVEIRA ROCHA;ROSEMAYRE SANTOS MARIA;M;45/8/1978;19/12/2014
79;CARLOS ABREU PINHEIRO;JOAOA S P;MARIA ABREU DOMINGUES;M;89/4/1958;24/3/2804
80;JAMILE;LEONE EVANGELISTA CABRAL;NFANCITCAIQUSA AMILIA;F;28/8/1963;2/15/1923
81;LARISSE;FRANCISCO AILTON ALVES;MATILDE SOUSA CLAUDIA;F;14/11/1847;17/4/1986
82;MARIAL V;RAFAEL;FRANCISCA LIMA SILVA;F;6/3/1977;27/9/2802
83;LETICIA L R;THIOGO FROTA RCCARDO;MARIA LIMA LUCILENE;F;23/3/1933;61/12/7984
84;MARIA JANDIRA SILVA;LUIS SOUSA SILVA;MARIA JANDIRA CIANO;F;22/5/1655;21/12/1975
85;CARLOS FERREIRA SILVA;JOSE COSTA SILVA;ENEDINA FERREIRA SILVA;M;77/9/1994;6/6/2927
86;PAUKO;JOSIAS LIMA MOREIRA;RAIMUNDA CRISTINA FREITAS;M;24/3/1992;12/4/2513
87;JOSE INES BEZERRA;FRANCISCO MONTEIRO BEZERRA;ELIIWA INZS SXRZA;M;29/11/1952;9/2/1963
88;FRNNCISCO C L;CLEITON S L;MARIV CUNHA QUEIROZ;M;24/41/1953;5/6/2410
89;FRANCISCA L A;JOSE S A;ALEXANDRA;F;9/5/1697;7/4/0048
90;MANUEL LUCILENE LUZ;FRANRISCOSILVA LUZ;VANDA LUCILFNE ARAUJO;M;49/9/1951;14/9/1961
91;ROSIMEIRE O B;MIQUQIHS IOPES BEZERRA;MARIA VIANA THAMIRIS;F;5/7/1937;3/15/1945
92;ERICK LUCENA SANTOS;ANTONIO PEREIRA SANTOS;MARIA LUCENA LIMA;M;24/2/2046;31/32/2011
93;MARIA ARAUJO LUIZ;JQPL N L;MARIA A O;F;1/9/6987;26/6/0318
94;DANIELE;IRANCISCO SILVA MARQUES;TANNILA ESTEVAM SOUSA;F;9/11/1130;19/40/1927
95;EFVANIV FERNANDES ROJRIGUES;DIEGO;ANA FERNANDES CRISTINA;F;59/5/1967;26/3/2013
96;GEROFOCA ADUIAR RIBAMAR;LUIZ ARAUJO RIBAMAR;FRANCISCA AGUIAR LIMA;F;2/2/1540;30/6/5012
97;INACIO A S;JOAO;ANTONIA ALCANTARA SILVA;M;29/5/1686;58/12/2006
98;MARIA ARAUJO GILSON;JOSE SILVA GILSON;SONTADRASJI CLAUZUA;F;26/10/6924;26/15/1887
99;YELIPE RODRIGUEF FREITAS;JOAQUIM LEITE FREITAS;LUCIA RODRIGUER EESQUITA;M;22/5/2060;24/4/2013
100;MARIR LOPES HILTNN;FRANCYSCB CSUSA HILTON;MARIA;F;19/10/1976;8/4/8975
101;DAVIDSON SILVA PADUA;FRANCISCO ROBERTO PADUA;EDJANE;M;18/3/2009;19/12/2018
102;FLAVIA S S;RAIMUNDO BRASIL SANTOS;NELI SILVA MARIA;F;33/5/1952;38/7/1974
103;ANDERSON;FRANCISCO COSTA BARBOSA;ANTONIA QUEIROZ RODRIGUES;M;7/0/1947;5/4/2011
104;ANTONIO;FRANCISCO;MARIA SOCORRO GASPAR;M;8/3/0972;33/5/2011
105;PRISCILA OLIVEIRA BATISTA;MANOEL SILVA BATISTA;MARIA OLIVEIRA SANTOS;F;3/9/5931;88/97/1991
106;MARJS BEZERRA BYFISDI;MANOEL NUNES BATISTA;LILIA BEZERRA SOARES;F;91/2/2113;21/4/2017
107;CARLOS COSTA LIMA;ANTONIO CARVALHO LIMA;MARIA COSTA BARBOSA;F;18/1/4997;25/2/0011
108;GILBERTO J LOPES;MANOEL;MARIA J BARBOSA;M;8/9/1690;52/8/2073
109;LIDUINA LUCIMAR PONTES;JOSE RODRIGUES PONTES;ROSA LUCIMAR CAROLINE;F;5/17/1980;13/5/2709
110;CAROLINY SILVA PEREIRA;EDMAR MILTON PEREIRA;FRANCISCA S C;F;9/10/1950;11/2/1921
111;AURILUCIA;FRANCISCO COELHO SANTOS;MARIA COSTA SILVA;F;27/3/1985;07/1/2015
112;ANELIZIA CARDOSO MENESES;JOAO MENOZDS MENESES;CANDIDA C S;F;2/11/2907;11/2/2015
113;MARIA PAULA GONZAGA;MAPOEL PONTES GONZAGA;ANA PAULA SILVA;F;29/10/2014;10/6/2011
114;ANTONIA FATIMA SILVA;JOSE JORGE SILVA;MARIA F E;F;4/5/1971;29/30/2111
115;DAVELINE NASCIMENTO FILHO;RAIMUNDO MAIA FILHO;FRANCISCA;F;18/2/1937;2/8/1970
116;ALCILENE COSTA SANTANA;FRANCISCO MENEZES SANTANA;FRANCISCA COSTA MOREIRA;F;26/00/1956;17/5/1968
117;DEYDSON ALMEIDA SOUZA;JOSE NASCIMENTO SOUZA;ILNA ALMEIDA ALMEIDA;M;4/3/1194;13/2/7997
118;MARIA SANTOS SOUSA;FRANCISCO;ZENEIDA;F;2/9/1972;25/16/2008
119;GIDEANIA JURACI TEIXEIRA;FRANCISCO;MARIA JURACI SILVA;F;5/3/2018;10/9/2015
120;BRUNO XAVIER RODRIGUES;FRANCISCO L R;RAIMBNDA XAVIER ABREU;M;17/4/1602;31/5/2519
121;MARIA LUCIA VALDETE;JOAO SILVA VALDLTE;NEUMA LUCIA ALVES;F;25/6/1834;31/5/1327
122;DANIEL B S;FRANCISCO ALVES SOUSA;EVELINE BATIPTA NASCIMENTO;M;13/9/8010;26/9/6015
123;MISSANDRA VALE LOPES;FRANCISCO SILVA LOPES;LRANCISCA VALE TELXPPRA;F;24/9/1903;27/3/1984
124;ELINALDO ENEDINA SOUSA;ANDREI MOURA SOUSA;LEONILDY;M;12/9/1949;9/12/1994
125;ESMERALDINA CASTRO CHAGAS;HNTOPIO SQLVW CHAGAS;MARY;F;27/11/1958;3/02/1989
126;REGINA PIMENTEL CALIXTO;SERVIO X C;MARUA PIMEVTEL PAIVA;F;6/1/1998;48/17/2018
127;MONICA ALCANTARA FERREIRA;MANOEL SEBASTIAO FERREIRA;FRANCISCA ALCANTARA NEUDA;F;5/6/1964;7/12/2012
128;MARY SILVA ANTONIO;IVANILDO S A;FRANCISCA SILVA RIUNA;F;20/5/1969;18/5/2017
129;ERICA FATIMA LEANDRO;MANUEL SANTOS LEANDRO;MARIA FATIMA MELO;F;88/11/7930;18/8/2011
130;MANOSLA A;LUIS FIRMINO ARAUJO;MARIA ALVAS ROICALVEM;M;19/00/4957;2/1/1961
131;ALTINA S I;EDILBNRTOJ F;MARIA SOUSA MOURA;F;10/41/1967;13/12/1972
132;ALIRANDRO;MANOEL AZEVEDO SILVA;MARIA QUEIROZ VASCONCELOS;M;16/5/3197;30/10/1008
133;RAIMUNDO ALVES SANTOS;ANTONIO FERREIRA SANTOS;TEREZINHA A S;M;6/5/2502;26/5/8070
134;ANTONIO BARBOSA PEIXOTO;RAIMUNDO R P;ANGELINA BARBOSA SOUSA;M;19/5/1981;3/72/8999
135;JORGIA O L;CRISTIANO ERIVALDO LUIZ;ANTONIA O S;F;4/8/1937;33/1/5292
136;ARTEMIZE SILVA FLLUX;FRANCISXO;ANGELA SILVA NASCIMKNTB;F;4/2/2948;26/1/1957
137;ELESANDRA ALDENIR JUNIOR;JOSK C J;FRMNCISCA ATZENIR EUNIIE;F;08/1/1946;31/4/1907
138;AMANDA FATIMA SILVA;JUVARAJO LIMA SILVA;FRANCISCA FATIMA SILVA;F;22/10/1739;1/7/2402
139;LUIS PEREIRA FERREIRA;ARAILDO N F;FRANCISCA PEREIRA SILVA;M;17/8/1953;19/6/2007
140;FRANCISCO GUADALUPE LATEL;JOATAN;MARIA GUADALUPE MIRANDA;M;12/2/1980;31/16/2000
141;EUILANIIA E N;JOAO BATISTA NASCIMENTO;EELMA EMILIV MARFLAOE;F;27/5/1993;4/3/2512
142;WULLIAN ALVES CUNHA;ANTONIO M C;MARIA;M;12/10/1912;83/17/1394
143;KATHELLY;ELIAS TEXEIRA SOUZA;RAIMUNDA S C;F;15/10/6738;27/6/2013
144;MARIA SOARES DIAS;GEDEHO SKLVESTRE DIAS;DEUSIVANE;F;1/4/1997;5/7/2016
145;FRANCISCA FROTA RAMOS;ANTONIO SOUSA RAMOS;RITA FROTA SANTOS;F;5/1/1951;7/8/1948
146;TATIANY;ANTONIO ALVES DANIEL;FRANCISCA JOSE NEUZA;F;19/9/1986;18/2/2016
147;ADELAIDE SILVA SOUSA;RAIMUNDO RODRIGUES SOUSA;ELIENE;F;36/8/2030;2/3/2025
148;ARIGLEIDE SANTOS LIMA;FRANCISCO CLAUDIO LIMA;SILVANIR SANTOS TOS;F;36/2/1047;62/1/1564
149;FRANCISCO SANTOS SILVA;ANTONIOLS;RAIMUNDA SANTOS LIMA;M;7/9/1967;21/5/2003
150;LUIS GOMES ANDRADE;FRANCISCO;MARIA GOMES PEREIRA;M;14/8/0955;20/7/2004
151;FRANCISCO COSTA OLIVEIRA;FRANCISCO;MARIA COSTA FELIPE;M;5/10/8640;2/18/2008
152;MAINARA ALBUQUERQUP SOUZA;ANTONIO SILVA SOUZA;FRANCISCA ALBUQUERQUE SILVA;F;27/1/1969;3/9/2516
153;DANIELE ALVES COSTA;FRANCISCO SILVA COSTA;ERKESTGPA ALVJP OLIZEUDA;F;12/10/1949;18/10/1293
154;MARCOS C N;ANTONIO ALBUQUERQUE NASCIMENTO;ADELAIDE COSTA AURELIO;M;19/6/2944;30/3/8192
155;SNKONIA SOUSACORDEIRO;TOMAZ CORDEIRO SOUSK;ELZA SOUSA CARMO;F;94/3/1953;54/11/2064
156;FRANCISCA R C;JONAS FERREIRA COSTA;ZULEIDE ROCHA LOPES;F;18/2/6787;64/1/5006
157;TALLYSON T Z;FRANCISCO RODRIGUES ZACARIAS;IVANILDA TEIXEIRA SILVA;M;26/6/1937;92/12/6017
158;LIANA MAIA COSTA;JOSE FABIO COSTA;JOANILDA M S;F;9/71/2063;26/3/2077
159;MARIA SANTOS ROBERTO;JGAO ROVHARONERTW;MARIA SAATOS MAKIAS;F;19/1/2500;29/6/2007
160;JACINTO;RAIMUNDO CLIMARCO BARBOSA;MARIA ALVES OLIVEIRA;M;2/4/3962;20/8/2404
161;VIVIANE ALMEIDA NOBRE;FRANKLYCT MELO NOBRE;MARIA ALMEIDA GLEIDE;F;4/13/1999;4/14/1394
162;LUAN RODRIGUES CASTRO;ANTONLT;CELIA RODRIGUES CERQUEIRA;M;3/7/8253;70/7/2086
163;GABRIEL ROCHA NASCIMENTO;PEDRO PEREIRA NASCIMENTO;GLEICIVANE;M;2/10/2958;21/5/1960
164;JOSE MEDEIROS SOUSA;FRANCISCOMACIEL SOLSA;NIZIA M B;M;0/8/4966;12/9/2983
165;FABIO MARIA NONATO;ANTONIO SANTOS NONATO;ANTONLA MARIA ANJOS;M;18/3/1947;30/1/1990
166;MARIA;JOSE GOMES GONZAGA;CLAUDIANA RIBEIRO LOPES;F;6/5/1222;25/8/1395
167;ELUNALVA;FRUNCISCO SANTOS BIPRLASO;ILZA RODRIGUES CLAUDIA;F;40/3/4000;14/2/2766
168;BEIXAMIM GHNCALVES DANTAE;MANOEL JOSE DANTAS;FRANCISCA GONCALVES REIS;M;5/11/1947;13/4/1989
169;FRANCISCO;FRANCISCY SI;LUCIA VIANA SANTOS;M;84/0/1946;32/4/1741
170;AMANDAOILVANASCIMENDO;RAIMUNDO EDCIEUDE NASCIMENTO;FRANCISCA SILVA SANTOS;F;14/5/8765;30/12/2096
171;ZAYSMDOFOALOUREIRZ;MANUEL;MARIA SOUSA ROSARIO;F;2/7/6440;21/5/2007
172;VALDEMAR SANTOS OLIVEIRA;GINIVAL F O;DIONIZIA SANTOS LDZIAMA;M;14/7/8084;3/7/2716
173;MARIA;JOSE MOURA SANTOS;MARIA SILVA OLIVEIRA;F;30/0/2095;11/9/2019
174;CARLOS LOURDES OLIVEIRA;FRANCISCO SOUSA OLIVEIRA;NERIVANIA LOURDES LUCINDA;M;5/1/1996;8/6/2005
175;JULIANA YARNEIRO JESHUITA;JOSE MWRIA MEQQUITA;MSRIA CARNEIRO MARIA;F;26/11/1436;22/2/3962
176;SIMONEAARIA VASCONCELOY;ANTUNIOQLIVDIRA VASCONCELON;ROSENEUDA MARIA ALBUQUERQUE;F;21/2/6377;22/1/1998
177;ANA MATCOD SILBA;JOAO S S;RAIMUNDA M S;F;20/11/1951;85/6/2094
178;LUANA C R;ARGEMIRO N R;MARIA CRUZ SOUSA;F;5/7/2119;22/3/2016
179;JOANA RIBEIRO SILVA;OSEALDRS S;FRANCISCA R O;F;23/7/1936;11/9/1911
180;WESLEY SILVA JOSE;ANTONIO RODRIGUES JOSE;TEREZINHA S A;M;2/0/1977;10/3/2013
181;MARIA S S;IRONALDO SANTOS SILVA;FRANCISCA SILVA SILVA;F;86/9/1963;5/4/5960
182;ANZOZIO H D;FELIPE NOBRE DANIEL;MARIA PUREIRA JULIA;M;29/8/1845;54/70/2015
183;CLAUDETE SOUSA SARAIVA;ANTONIO R S;ELIANA SOUSA SILVA;F;4/10/1956;3/6/5103
184;PEDRO MELOMOISES;ANTONIO SILVA MOISES;MARIA MELO DANTAS;M;20/5/1153;94/7/2144
185;MARIA RAMOS LIMA;JOSE ARAUJO LIMA;MARIA RAMOS SILVA;F;10/7/2011;93/3/2626
186;LEILIANE SILVA OLIVEIRA;OSVALDO VENTURA OLIVEIRA;MARIA SILVA SANTOS;F;7/7/1957;28/2/1797
187;SAMUEL BRAGA MARTINS;EVANDRO ALVES MARTINS;TATYANE BRJNA GOMES;M;1/10/1951;2/2/9009
188;RENATA SOARES VIEIRA;FRANCISCO SILVA VIEIRA;MARIA;F;25/3/1944;9/4/1968
189;JUAN BRAGA VIEIRA;ANTONIO OLIVEIRA VIEIRA;MARIA BRAGA SILVA;M;26/3/9978;21/6/1979
190;SEBASTIAO PAULA SILVA;JOSE SOUSA SILVA;ARIANE PAULA SILVA;M;28/6/2933;30/10/2005
191;ALANA;FRANCISCO FEIJO OLIVEIEA;MARIA CRUZ JOSE;F;23/6/1964;2/12/4975
192;CAMILA GOMES SILVA;FRANCISCO C S;ANA GOMES SOUSA;F;4/7/2001;6/5/2093
193;ANA SILVA CORREIA;JOSF JOARUIM CORMEIA;MARIA SILVA RODRIGUES;F;26/8/1948;8/4/1161
194;CATIA SILVA SANTOS;FRANCISCO MACEDO SANTOS;SEBASTIANA SILVA ERIDAN;F;8/14/0671;85/1/1995
195;JONAH BEZERZAJOSE;FFXNCISCO;MARIA BEZERRA SILVA;M;27/1/1744;25/9/1979
196;MARIA SILVA TEIXEIRA;FRANCISCO TEIXEIRA SILVA;MARIA;F;18/6/1945;13/14/2030
197;FRANCISCO ARAUJO PIMTOBEIRA;FRANCISCO MARCOS PIMTOBEIRA;ALAMDE;M;6/81/1982;25/8/2078
198;MARCOS SILVA CIRO;FRANCISCO FRANCKLINO CIRO;ZILMA SILVA PIMENTEL;M;28/7/1968;15/5/0002
199;MARIA SANTOS SILVZ;JOSE SILVA SILVA;ISAUROSANTOS CHAGAS;F;4/6/1986;33/7/6990
200;ALAN CONCEICAO OTAVIANO;MANOAL SOUHA OTAVIANO;EDINILDA CONCEICAO LUZINETE;M;9/2/5100;9/7/2213
201;FRANCISCA PAZ INACIO;ROBERTO CHAGAS INACIO;MARIA PAZ GUIA;F;65/1/1954;28/2/2817
202;RAISSA;ARWSTYU EYMILSONZXTISTW;IDELZUITE;F;18/2/1090;12/1/2000
203;ANA;CFRLOS BN;RAFAELA OTAVIANJ MOURW;F;7/7/1946;27/2/2698
204;TJRA ENANICE SILVA;RAIMUNDO GONZAGA SILVA;DEUSENIR;F;18/18/1976;04/1/1980
205;MARIA SOUSA SANTOS;FRANCISCO FRANCA SANTOS;FRANCISCA SOUSA OLIVEIRA;F;35/9/1978;0/4/2019
206;MARIA SILVA SOUSA;ANTONIO;JOSEFA;F;12/60/1941;91/3/1930
207;ANA A M;MANOEL SILVA MONTEIRO;CESARINA AQUINO LAURA;M;19/8/1947;28/6/1965
208;ANTONIA;SIMAO BATISTA FERNANDES;SILVIA FERREIRA SILVA;F;2/4/1961;17/11/2065
209;JOAO V S;LEONEL DOMINGOS SILVA;MARIQ VFLDETE ABREU;M;16/3/1664;21/1/1998
210;MONICA FELIPE SOUSA;EEIL C S;SOLANGE FELIPE SILVA;F;17/0/9925;8/8/4908
211;FRANCISCA SANTOS FALCAO;VALMIR NASCIMENTO FALCAO;VALDIANA SANTOS SERAIVA;F;05/10/1143;28/1/9085
212;FRANCISCO C M;CARLOSOLIVEIRA MONTE;LUIZA COSTA PAULA;M;13/5/1978;24/10/5326
213;KAUA PAULO MARTINS;JOAO GOMES MARTINS;FRANCISCA PAULO ROSARIO;M;7/1/1972;30/2/2801
214;ELIAS R J;BOWE ALQEMAR JORGE;RAIMUNDA R B;M;20/3/2008;5/3/0016
215;MARIA;PIO S L;ELENITA PONTES ALMEIDA;F;2/3/1926;7/8/2003
216;MARIA ALICIM SILVA;JOSE F S;MARIAAIIIDM FQANCA;F;17/11/1987;2/7/2005
217;MARIA SOUSA OLIVEIRA;JOSE SILVA OLIVEIRA;MARIA S V;F;4/1/6014;6/9/2015
218;VALENTINA NASCIMENTO ANTONIO;FERNANDO RODRIGUES ANTONIO;CGNTIDA NCSCIMENPO TAUENTE;F;0/8/1999;10/3/2011
219;JOSE CLEMENTINO SILVA;RAIMUNDO SANTOS SILVA;RAIMUNDA CLEMENTINO PAULINO;M;7/5/2001;21/12/2023
220;DANIELLE;ELIAS;MARIA CONCEICAO SOUSA;F;1/3/2008;2/11/2012
221;MIKAEL OSMARINA OLIVEIRA;SEBASTIAO GOMES OLIVEIRA;VALDERICE OSMARINA OLIVEIRA;M;8/11/1914;1/4/2018
222;ARGEMIRO MARTINS SILVA;RAIMUNDO OLIVEIRA SILVA;FRANCISCA MARTINS ROBERTO;M;2/7/1968;28/9/1991
223;MARIA SOARES CASTRO;FRANCISCO C C;MARIA S S;F;24/18/0989;77/37/4001
224;MARIA NASCIMENTO SANTOS;JOSE OLIVEIRA SANTOS;ROBERIA NASCIMENTO LIMA;F;16/2/1926;3/15/1995
225;ANA ALVES PEREIRA;EMILIANO;FRANCINELDA ALGES BEZERRA;F;25/4/1937;31/1/2009
226;CARLIANE S R;JOSE DUARTE ROBERTO;BEZTQQZ;F;12/7/1999;27/4/2017
227;SAVIO C B;JEOVA PEREIRA BORGES;THEILH UASHRO LSPES;M;25/11/2187;3/4/2011
228;JOSE ALMEIDA YISCIMBIWO;AMUISIO COSTA NASCIMENTO;VEILILNE D M;M;14/11/1947;17/3/0013
229;EDISON D M;MANOEL GOMES MESQUITA;MARIA;M;85/31/1951;52/1/8973
230;ANA S R;UANOVL WOTOAS RPCARDO;MARIA SILVA FERREIRA;F;13/8/1956;29/4/2000
231;FRANCISCO;PEDRO SOUZA MARIA;ANA O C;M;93/10/1980;8/2/2000
