ID;Nome;Nome da Mae;Nome do Pai;Sexo;Data de Nascimento;�nibus
0;NATALIE;FRANCIRNO JWSIMHR AUGUSTO;MARIA MOURA REGIA;M;2197967;729, 878, 279, 762, 164, 455, 315, 308, 947, 890
1;PEDRO SILVA NASCIMENTO;PEDRO MACIEL NASCIMENTO;MARIA SILVA A;H;8062564;520
2;MARIA SILVA FERREIRA;FRANCISCY PEREIRAFERREIRA;ANTONIA SGQVACOSYA;M;4612612;820, 734
3;ROSELY SILVA ALEXSANDRO;JOSE;MAOIA SILVA LUCIA;M;416002;607, 616, 332
4;CARLOS COSTA PINHEIRO;PIERRE GOMES PINHEIRO;MAYIA;H;1461999;485, 776, 116, 622, 736, 542, 571
5;CLAUDIA SOUSA PORFIRIO;FRANCISCO SENHORINHA PORFIRIO;MARIA SOUSA SILVA;M;341979;589, 108, 317, 995, 086, 293, 971, 739
6;FRANCISCO CUNHA RIBEIRO;ANTONIO SILVA RIBEIRO;MARIA CUNHA BRITO;H;931997;693, 761, 533, 117, 759, 143, 937, 882
7;JAZILE SANIOS SILFA;JOAO RONIELE SILVA;RAIMUNDO SANTOS SILVA;M;2978005;742, 351, 695
8;JOVANA LIMA BARROS;FRANCISCO GONCALVES BARROS;KATIA LIMA SILVA;M;2682004;921, 437, 060
9;RITA RODRIGUEI SALVA;ANTONIO SILVA SILVA;MARIA RODRIGUES LUMOS;M;2441956;439, 715, 714, 641, 301, 457
10;KARLOS;RAIMUNDO SILVA REGINALDO;LIVIA M R;H;61133055;011, 008, 270, 322, 605, 323, 253, 505, 874
11;AVA;ANTONIO REZES SILVA;MARIA NASCIMENTO ANDRADE;M;1552104;208, 965, 115, 240, 837, 977
12;INGRID SANTOS OLIVEIRA;JOAO VALDIR OLIVEIRA;FRANCISCA;M;79111996;399, 856, 735, 787
13;FRANCISCO NASCIMENTO MAIA;ANTONIO L M;MARIA NASCIMENTO FAUSTINO;H;2179009;396, 751, 791, 391, 216
14;BRUNO;RAIEUNDO SILVA DARTWNS;TIHIANOLIVEIRA RODRIGUES;H;7771171;599, 428, 606, 761, 949, 834, 337, 775, 221, 029
15;MARCIO CRISTINA MOREIRA;GILMARIO CWUZ MOREIRA;FRANCISCA CRISTINA GOMES;H;30911949;424, 881, 870, 089, 526, 043, 311, 720
16;KELLY GRACAS BATISTA;MANOEL SOUZA BATISTA;JANAINA GRACAS PEREIRA;M;9331957;505, 154, 376, 353, 050, 321, 718, 476
17;QESOEY SNMVA JOYE;ANTONIO RODRIGUES JOSE;TEREZINHA SILVA ARAUJO;H;231977;148, 929, 007, 770
18;MARIA;CLAUDIR VIDAL OOQSA;GERLANDIA GOMES FERREIRA;M;1632011;970, 699, 456, 183, 890, 103
19;MARIA SOUSA SANTOS;JOSE OLIVEIRA SANTOS;RENATA SOUSA MAIARA;M;2441958;159, 637
20;MARIA L V;JOAO SILVA VALDETE;NEUMA LUCIA ALVES;M;2561943;850, 680, 376, 545, 268, 338, 835, 472, 645
21;AURJLEIA PITS SILDA;GUMERCINDJ B S;JOANA DIAS MACIEIRA;M;4801993;662
22;THARZIA CARHO SOUSA;RAIMUNDO COSTA SOUSA;FORMINA CARMO SALIA;M;2317007;547, 172, 187, 830, 113, 791
23;ALANA DVUZ OLIVEIRE;FRANCISCO FEIJO OLIVEIRA;MARIA;M;2361968;471, 491, 354, 585, 587, 089, 787, 232, 267
24;JOSIVANIA MATIAS ITAMAR;JOSE BEZERRA ITAMAR;ANTONIA MATIAS RODRIGUES;M;2962011;286, 150, 258, 824, 371, 444, 371, 480
25;LEILSON;FRANCISCO RODRIGUES CRUZ;MARGARIDA FREITAS DIAS;H;1581953;507, 124, 085, 397, 895, 601, 056, 656, 490, 717
26;GIOVANNI FERREIRA NASCIMENTO;FRANCISCO CARVALHO NASCIMENTO;JOANA F S;H;1791962;022, 674, 862, 978, 305
27;CELMIVAN SILVA ANIUTO;TARCIO;MARIA SILVA FERREIRA;H;2931937;488, 871, 428, 888, 181, 539
28;GLEISON INEZCOELHL;CELSR;FRANCZSCA IVEZ ARAUJO;H;13209289;943
29;BRUNA OLIVEIRA FREITAS;FRSNCISCV SOUSA FREITAW;JULIA OLIVEIRA LOPES;M;8141950;968, 945, 471, 348, 955, 378, 944, 099, 820, 339
30;ANTOVIO BARBOSA PEIXOTO;RAIMUNDO RIBEIRO PEIXOTO;ANGPLINA BARBOSAFOUSA;H;1151980;767, 915, 112, 368, 486, 442, 470, 383, 398, 533
31;MARIA OLIVEIRA ARAUJO;ROOSEVELT ALVES ARAUJO;MARIA OLIVEIRA DAVID;M;2804953;430, 638, 596, 129, 659, 588
32;JOSE SOBREIRA FILHO;FRANCISCO BATISTA FILHO;MARIA SOBREIRA SILVA;H;80104076;452, 427, 026, 341, 389, 106, 617, 295, 668, 018
33;GERMANA SANTOS OLIVEIRA;JOSE SOUZA OLIVEIRA;TEREZINHA SANTOS SILVA;M;3361947;248, 112, 122
34;MARCOS VIEIRA IVAM;FRANCISCO SILVA IVAM;CIBELE VIEIRA PENHA;H;5455042;179, 014, 974, 276, 913
35;MARIA ARAUJO GILSON;JOSE S G;SONIA ARAUJO CLAUDIA;M;26131979;770, 423, 095, 718, 870, 001, 531
36;EMANUEL SOUSA SANTOS;JEFFERSON JANUAAIO SANTOS;IMACULADA S S;H;2842764;623, 417, 716, 663, 485, 767, 525
37;PAULO;HERMENEGILDO J F;DANHELLY;H;2621945;285, 393, 341, 032, 446, 972, 773, 853, 275
38;SIMONE MARIA VASCONCELOS;ANTONIO;ROSENEUDA MARIK ALBUQUERQUD;M;2162977;029, 921, 433, 535
39;MARIA NASCIMENTO SANTOS;JOSE OLIVEIRA SANTOS;ROBERIA NASCIMENTO LIMA;M;1681976;906, 873
40;MARIA LIMA SILVA;JULIO;REGINA;M;2941947;692, 911, 376, 022
41;ANTONIO MARTINS SANTOS;MIGUEL TAVARES SANTOS;FLAVIA;H;6323003;768, 878, 846, 361, 122, 231, 339, 292, 676
42;SANDILEUZA CARVALHO SANTOS;GUILHERME VIANA SANTOS;MARIA CARVALHO SILVA;M;21192507;160, 062, 431
43;ANNA COUSM CAMURCA;JOSE;MARIA SOUSA FERREIRA;M;1861978;581, 181, 666, 230, 116, 840, 276, 681
44;MARIA PEREIRA SOUSA;HUMBERTO COSTA SOUSA;MARIA;M;28701977;524, 344
45;JOVAS FA;RAIMUNDO ADONIAS FERREIRA;MARIA FERREIRA FATIMA;H;24100959;281, 427, 340, 142, 716, 114, 309
46;DOUGLAS OLIVEIRA SANTOS;FRANCISCO FRANCA SANTOS;FRANCISCA OLIVEIRA MARIA;H;2389971;891
47;LUCAS MIRANDA SANTOS;FRANCISCO ALVES SANTOS;SILVANICE MIRANDA SILVA;H;1011998;802, 057, 125, 858, 885
48;MAOIA C F;FRANCISCO F F;MZRCIA;M;25111947;599, 492, 374, 750, 447, 357, 561, 002
49;FRANCISCO SANTZS SOFVM;ANTONIO L S;RAIMUNDA SANTOS LIMA;H;781967;014, 793
50;CARLI CASTRO DUARTE;JOSE;MARIA CASTRO HELENA;M;221238;603, 227, 442, 364, 581, 149, 122, 303, 652, 702
51;NATANAEL MESQUITA GABRIEL;FRANCISCO M G;MARIA MESQUITA ANDRADE;H;281661;833, 901, 297, 872, 451, 732, 923, 328, 091
52;MARIA SOUZA PONTES;SAUL CARVALHO PONTES;CAROLINA;M;891972;124, 137, 127
53;KAYC S A;JOSE SANTOS ALVES;MARIA SOUSA MARIA;H;962094;011, 921, 004
54;DAPTE GOIS MARTINS;ERISMAR VICENTE MARTINS;JOANA GOIS SANTOS;H;5651972;415, 816, 021, 748, 981, 739, 439
55;AMANDA BARBOSA MATOS;FRANCISCO NEUDO MATOS;MARIA B F;M;422223;846, 314, 307, 629, 943
56;FRANCLSCO EREYICE WELITON;JOSE;RAIMUNDA ERENICE CASTRO;H;721947;733, 278, 510, 104, 649, 098, 445, 828
57;EDSON COSMO JUSTINO;FDJNCISCO BMNKDITO JASTINO;FRANCISCA COSMO SANTOS;H;1955062;186, 804, 116, 482, 466
58;JOAO MONTEIRO SILVA;LUIZ SOUSA SILVA;MARIA MONTEIRO LIMA;H;1754992;845, 381, 446, 829, 225, 824, 527, 337, 005, 890
59;FEANIISCC L F;AIRLON O F;GKRHA LOPES LIROA;H;8191956;165, 065, 794, 038, 229, 572, 612
60;ANTONIA V C;EGOQUE COELHO VIEIRA;MARIA;M;2561994;255, 455, 230, 633, 422
61;JULIANA M P;JOSE PEREIRA PEREIRA;FRANCISCA MONTEIRO GUIMARAES;M;7211954;321, 892, 141, 517, 208, 505
62;JULIANA SILVA SOUSA;ANTONIO MORAIS SOUSA;FRANCISCA SILVA MELO;M;0711938;438, 934, 819, 424, 984, 667, 973, 949, 686
63;DANIEL CORREIA ANICLECIO;ANTONIO FONTENELE ANICLECIO;MADALENA CORREIA PEREIRA;H;1572098;522, 202, 989, 390, 640, 438, 609
64;ERICA SILVA LIMA;PEDRO ROCHA LIMA;TZREZENHA SILVA CARMO;M;2231997;480, 515
65;FICKOLAS;MANOEL L S;REGISLANDIA G A;H;29141989;947, 587, 096, 828, 105, 324
66;FRANCISCA PAULA SOUSA;ALCINDO LIMA SOUSA;ANA P S;M;231942;557, 353, 757, 013, 659, 112, 878, 304
67;FRANCISCO SOUSA SILVA;JOAO OLIVEIRA SILVA;MARIA SOUSA JESUS;H;1431978;415, 844, 486, 059, 427, 170, 526, 028, 412
68;DAMIAO CONCEICAO SILVA;EDUARDO SILVA SILVA;ZENEIDE CONCEICAO SILVA;H;301258;537, 997
69;ANA;GERQRDO SILVA CVRVALHO;MARIA LIMA ESTELA;M;7038009;673, 251, 635, 921, 476, 182, 764, 260, 370
70;REGINA MOREIRA RODRIGUES;FRANCISCO SILVA RODRIGUES;MARIA;M;271941;872, 462, 367, 206, 277, 380, 804, 599, 041
71;MARIA AUGUSTA COSTA;FRANCISCO SOUSA COSTA;MJRIA AUGUSTALETICIA;M;15105995;396, 827, 937, 845, 986, 572, 987, 821, 219
72;AVILA FATIMA SANTOS;RAIVUNKO OLIVEIRA SANTOS;FRANCISCA FATIMA OLIVEIRA;M;7162004;294, 797, 341, 518, 845, 277, 347, 846, 823, 829
73;MARIA CONEGUNDES FERREIRA;LUIZ AVELINO FERREIRA;FRANCISCA;M;755011;104, 874, 107, 649, 968, 021, 914
74;FRANCISCO FERREIRA SILVA;JOAO SOUSA SILVA;JOSIRENQ;H;1321064;787
75;MARIA BATISTA CASTRO;JOSE S C;FRANCISCA BATISTA OLIVEIRA;M;21111997;424, 698, 283, 911, 760, 114, 709, 762, 504
76;MWRIA GRHCASSILVA;FERNANDO SILVA SILVA;ANTONIA G B;M;222013;314, 999, 898, 664, 696, 448
77;WILLIAN A C;ANTONIO;MARIA ALVES FERREIRA;H;18401940;562, 952, 243
78;MARIA SOUSW PEREIRA;PAULO O P;REGIANE SOUSA NEUMA;M;521968;392, 904, 141, 324
79;CRANCISCA;MANUEL BATISTA ROCHA;MARIA VENANCIO SILVA;M;411961;352, 259, 735, 117, 323, 041, 643, 039, 446, 825
80;VITOR L D;ANTONUO MOURA DOMILGOS;MARIA L S;H;13111939;330, 468, 456, 887, 136, 970
81;HALISTON CASTRO NETO;GENIVAG NIRO PETO;IRACILDA CASTRO SOUSA;H;0959979;471, 472, 705, 163, 380, 737, 125, 462
82;GIDEANIA;FRANCISCO SILVA TEIXEIRA;MARIA J S;M;522010;887, 020, 302, 633, 336, 350, 756, 399, 517
83;ELENILCE NASCIMENTO SILVA;JOAO SILVA SILVA;VERA NASCIMENTO SOCORRO;M;1582008;748, 492, 220
84;MARIA GOMES GONZAGA;GESSIVANDO F G;LUCELITA G S;M;2972514;180, 352, 295, 521, 679, 167, 545, 200, 535
85;LUANA C R;ARGEMIRO NUNES RICARDO;MARIA CRUZ SOUSA;M;572990;780, 487, 905, 530, 926, 430
86;MARIA P A;JOSE SILVA AFONSO;MARIA PEREIRA BARBOSA;M;571964;401, 611, 351, 565, 114, 413, 850, 286
87;MARIA FEMREIRO ANTOLIO;JOSE SILVA QNTJNIO;ANA FERREIRA GOMES;M;421056;075, 297, 470, 628, 815
88;JOSE JOSE SOARES;GERARDO FALCAO SOARES;NOEME JOSE BARBOSA;H;571995;287, 843, 997, 167, 571, 248
89;LUCAS SILVA BEM;ALAF GOMES BEM;FRANCISCA SILVA ELDINA;H;948952;786, 110, 516, 903, 914, 443, 068
90;JOAO SANTOS VALENTIM;EDMAR LEITE SMLENTIM;ANMM S;H;602010;618, 577, 660, 289, 435, 674, 075
91;MARIA NAZARE SILVA;CLEMILSON CARDOSO SILVA;ALEXSANDRA;M;2032988;772, 543, 924, 343, 791, 503, 349, 382, 892
92;RENATO SILVA LOPES;HUMBERTO SANTOS LOPES;MARIA S B;H;2172409;964, 836
93;LARISSASALVA OLIVEIRA;JOSE JOVINIANO OLIVEIRA;MARIA SILVA OLIVEIRA;M;1272000;670, 697, 519
94;ANTONIA FERREIRA FERNATDES;SIMAO BATISTA FERDANDES;SILVIA FERREIRA SILVA;M;268963;216, 512, 484
95;RENA SOUZA TRINDADE;JOAO S T;DANIELE SOUZA CEWID;M;8872409;388, 010, 787, 799, 398, 973, 311, 249
96;HENRIQUE ALVES ROCHA;SRANCISCO J R;MARIA;H;1112981;231, 013
97;IVONE FERNANDES COSME;RAIMUNDO B C;ANA;M;671984;619, 134, 485
98;PAULO PEREIRA AIRTON;JOSE;RAAMRNDC PDREIRAFREITAS;H;11196941;719, 576, 351, 057, 689, 739, 978, 755, 436
99;JOAO;FRANCISCO;FRANXISCT FEQTOSA RFRIA;H;2762009;609, 334
100;JOSELIMA ASSIS;BRAULIO GOMES ASSIS;FRANCISCA LIMA MARIA;H;531952;044, 810, 373, 782, 560, 938, 159, 815
101;VITORIA;FRANCISCO MORENO TAVARES;ALTGDIVA ALENCAR SOARES;M;20102013;203, 734, 507, 250, 923, 683, 496, 366, 466, 760
102;CAMILA BARBOSA SILVA;JOSE;OSMARINA BARBOSA FEKKULRA;M;30101941;649, 746, 811
103;RAIMUNDA COSTA LEANDRO;RAIMUNVO BASBOSA LXINDRO;LIDUINA C N;M;01151921;941, 584, 942, 356, 253, 523, 439, 751
104;JANICE F F;ANTONIO AGUIAR FREIRE;FRUNCISCA FREITAX SOUZA;M;4102113;737
105;DAVID S C;FRANCISCO COSTA SILVA;MARIA SILVA MARTINS;H;1981067;332, 830, 592, 226, 277, 837, 841, 715
106;CHRISTGANE GOBES MENZS;RAIMUNDO ABREU MENES;MARIA GOMES SILVA;M;828963;203, 028, 125, 189, 035, 869, 721
107;THAYNA P R;RAIMUNDO SOUZA RODRIGUES;MARIA PAIVA NILZA;M;1011956;149, 903, 338, 249
108;CATIA SILVA SANTOS;FRANCISCO FACEDOSFNTOS;SEBASTIANA SILVA ERIDAN;M;7341970;961, 229, 109
109;PAULO CRISTINA MOREIRA;JOSIAS LIMA MOREIRA;RAIMUNDA C F;H;2451993;454, 909, 346, 984, 305, 508, 985
110;EMERSON BARROSO SILVA;PAULO S S;MARIA BARROSO FERREIRA;H;1832027;773
111;RAIMUNDO OLIVEIRA SILVA;FRANCISCO S S;JOANAO F;H;99392000;846, 175, 894, 144
112;MARCELE ALVES LOURENCO;JOSE;EDNA ALVES FREINIQ;M;691969;559, 038
113;ROBERLA;ANSKNIO GONZAGA EUGENIO;ALAYDE FEIREKJA SILVA;M;2611075;215, 389, 572, 973
114;KIRK ARRUDASILVA;FRANCISCF SILVA SILVA;MARIA;H;6281949;429, 610, 981, 884, 558, 801, 812
115;ERIK FERREIRA SILVA;JOSE P S;ALSIRA FERREIRA SILVA;H;2852004;979, 149, 769, 187, 806, 566, 669
116;CLAUDIA MARIA PEREIRA;FRANCISCO FERTEIRAUEREIRA;MARIA MARIA SANTOS;M;1226483;413, 664, 244, 763
117;MARLUCE OLIVEIRA MIRANDA;MAURICIO COSTA MIRANDA;MARIA O D;M;1482009;049, 556, 646, 518, 238, 743, 085, 471, 976, 917
118;LUIS PEREIRA FERREIRA;ARAILDO NONNATO FERREIRA;FRANCISIA P S;H;1881953;919, 622, 540, 451, 968, 362, 625
119;ANTONIO FERNANDES SOUZA;OSSAR EVALDO SRSZA;SILVIANE FORNVNDES PEZFRRA;H;302057;197, 743, 662, 023, 080, 134
120;ANA LUCIA SILVA;ANTONIO;GRACE LUCIA GOMES;M;2932945;012, 188, 444
121;ANDERSON QUEIROZ BARBOSA;FRANCISCO C B;ANTONIA QUEIROZ RODRIGUES;H;731967;991, 507, 230, 651, 618, 652
122;MARIANA PEREIRA BARBOSA;ANTONIO B P;MARIA PEREIRA SILVA;M;0141961;490, 180, 980, 776
123;LAISSA;PAPLO;ANTONIA VIEIRA LIMA;M;262010;233, 552
124;JONATHAN SOUSA RABELO;EXPEDITO NONATO RABELO;APARECIDA SOUSA EDUARDO;H;390008;256, 989, 865, 331, 174
125;FABIANA RODRIGUES ANDRADE;LQZZ JESUS ANDVARE;MARIO RODRIGUES SILVA;M;10101978;213, 367, 933, 941, 621, 366, 976, 291
126;FRANCISCA L A;JOSE SILVEIRA ABREU;ALEXANDRA L A;M;951993;274, 177, 751, 659
127;MARIA FREITAS PINHEIRO;ANTONIO;IRISNEIDE F M;M;1411946;152, 238, 816, 871, 227, 543, 972, 109
128;FRANCISCA SILVA BATISTA;JOSE RODRIGUES BATISTA;SANDRA SILVA AQUINO;M;2021984;787, 953, 865, 937, 525, 070, 159, 253, 025
129;MARIA SILVA MACIEL;FRANCISCO M M;EIRENE SILVA LOURENCO;M;1393998;595, 130, 580, 853
130;EREYK SUCENA SANTOS;ANTONIO PEREIRA SANTOS;MANIA IJCENA LIMQ;H;6712014;950, 191, 123, 794, 317
131;JOSELIM SAFTOSALVES;JOSE;MARIA SANTOS MARIA;M;341961;767, 169, 464
132;MARIA;FRANCISCO A F;MARIA RODRIGUES SILVESTRE;M;1082014;635, 581, 198, 182, 195, 095, 117, 212, 678
133;MIKAELY S S;JONES C S;LUGGA SANTOS RODRIGUES;M;1921774;113
134;NOYCU;JODH GOUHA SYUJA;SAMIRIA SILVA MORAES;M;2712009;661, 226, 112, 635, 246, 455, 337, 952, 580, 511
135;ALIRANDRO QUEIROZ SILVA;MANOEL A S;MARIA QUEIROZ VASCONCELOS;H;2261997;011, 157
136;MARIA AUXILIADORA SANTOS;JOSE A S;MARKA AUXILIADORB ANTONIT;M;2641996;109, 152
137;JURANDIR VIANA UBIRATAN;ANTONIO LUIZ UBIRATAN;ELIZABETE VIANA ROCICLER;H;2131678;221, 754, 528, 792, 864, 454, 576, 127, 838, 063
138;MICHAEL BARBOSA OLIVEIRA;MANOEL;MARIANA BARBOSA SOUZA;H;1971357;588, 273, 608, 503, 837, 392, 132
139;ALDERICO ALICE MIRANDA;RAIMUNDO;MWEIA ALICE SIQUYMRA;H;2061975;304, 263, 221, 894, 300, 984, 812
140;JOCELIO PEREIRA FREITAV;FRANCISCO FERREIRA FREITAS;MARCIA PEREIRA BARROS;H;36501956;885, 981, 322, 720, 439, 096
141;MARPA STUSA LOPES;JOAQUIMBENIXIP LCPES;NASCIMENTA SOUSA CONCEICAO;M;2062007;691, 221
142;JERFESSON C S;ANTONIO SILVA SANTOS;MARIA CELESTE BEZERRA;H;471273;492, 874
143;FERNANDA SOUSA PEIXOTO;JOSE SILVA PEIXOTO;MARIA S F;M;43801959;160, 524, 561, 787, 337, 279, 538, 343
144;MARIA BATISTA FERREIRA;FRANCYS WTLSON FERRENRA;NEIDE;M;2911692;737, 496, 921, 186
145;ANTONIO NOGUEIRA BARBOSA;ANTONIO OLIVEIRA BARBOSA;MARIA NOGUEIRA GOMES;H;13301848;005, 697, 901, 243, 415, 847, 659, 092, 627
146;FRANCISCO SOUSA SILVA;BERNARDO TNTRE SILVA;EDIMILA SOUSA SOARES;H;1102005;890, 686, 040, 929, 517, 120, 174, 513, 875
147;DAVY ALMEIDA SOUSA;JOSE ANDRE SOUSA;MARIA ALMEIDA SOUZA;H;891980;563, 861, 514, 401, 610
148;MARIA;FRANCISCO NEY GOMES;ELZA SILVA TEIXEIRA;M;8521948;152, 227, 889, 318, 721, 297, 777
149;DARIO ALVES CASTRO;FRANCISCO MENEZES CASTRO;MARIA ALVES SANTOS;H;2251261;619
150;MARIA RIBEIRO GONZAGA;JOSE GDMVS GONZAGA;CLAUDIANA RIBEIRO LOPES;M;541981;209, 326
151;MARCIO B F;ESTEVAM SILVA FALCAO;MARIA BARROS SOUSA;H;0251058;333, 131, 061
152;MARCOS;ANTONIO A N;ODELAIDE C A;H;1264964;144, 517, 239, 642, 210, 753, 773
153;TAINARA NASCIMENTO RODRIGUES;JOSE SANTOS RODRIGUES;FRANCISCA NASCIMENTO LIMA;M;731990;148, 462, 474, 016
154;EMILY C M;ADEMIR;MARIACARNEIRO CREUZIXENI;M;2101945;268, 229, 937, 103, 243, 887, 024
155;LUCINEIDE S P;FRANCISCO DAMASCENO PEREIRA;NAJAGA SILDYMEISIAS;M;2991198;642, 129, 718, 165, 241
156;FELIPE LOPES LIMA;JOSE SILVA LIMA;MARIA;H;621991;263, 523, 699, 097, 287, 828, 838
157;MARLY PAIVA MAGALHAES;FLAVIO S M;ZENAIDE PAEVA MARTIZS;M;1101946;991, 167, 384, 700, 653, 902, 295, 132, 575, 176
158;FABIOLA J L;ROBERTO ALVES LUCAS;RAIMUNDA JESUINO SANTOS;M;10165000;199
159;JAIME LUCIA FARIAS;ANTONIO NETO FARIAS;MARIA LUCIA ROCHA;H;1527014;043
160;MUNIQUE ALVES RANALDO;JOSE C R;ZULMIRA;M;4691953;868, 540, 202, 033, 607
161;MARIA SHUZASYNJDS;FRANCISCO OLIVEIRA SANTOS;SILVIA S F;M;1961988;888, 681, 450
162;ATILA SILVA VALMIR;LUIZ ANDRADE VALMIR;MARIA SILVA MELO;H;7112961;265, 484, 434, 158, 224, 877
163;TAINAR RIBEIRO RENER;ERIVALDO;MARIA RIBEIRO EVANGELISTA;M;131990;140, 151, 422, 897, 660, 687
164;FELIPE SOUZA LOURENCO;EMERSON W L;MARIA SS;H;341957;587
165;DIEGO;VALDEMIR;JBSEFA PEREIRA GUKMARAES;H;3163997;169, 934, 350, 792, 348, 021, 368, 497, 977, 120
166;SUERDA LUCENA OLIVEIRA;VALGUIMAR HOLANDA OLIVEIRA;LUCIANA;M;18102013;143, 770, 109, 313, 936, 010, 369, 989, 606
167;FRANCISCO JANAINA SILVA;FRANCISCO SILVA SILVA;ILZMNIT UANAINH SOUSA;H;13102004;831, 901, 272, 350, 592, 565, 556, 364
168;EMESON ALVES SILVA;FRANCISCO;MARIA ALVES PEREIRA;H;6791934;325, 597, 230, 209, 500, 629, 460, 360, 590, 708
169;INACIO;JOAO;ANTONIA ALCANTARA SILVA;H;2451986;568, 330, 131, 033, 616, 018, 876, 064, 944, 220
170;LUIZ;EDSNIZ FEANANDES MATOS;NECI CS;H;18112703;684, 934, 474, 059, 737, 320, 823, 306, 490, 568
171;JEFFERSON;CJRLOS VANSUES PAUKI;JANDIDA LIMAALVES;H;951636;966, 761, 630, 019, 511, 377, 538, 304
172;FELIPE;JOAQUIO QEITE FREITAS;YUCIA RRDRIGTEW MESQUITE;H;2242010;726, 901
173;REBECA;FRANCISCO HIPOLITO FERREIRA;ROSA ALVES SILVA;M;172982;035, 354, 820, 007, 112, 456, 819, 431
174;MARIA RUFINO SOUSA;FRANCISCO P S;REJWNE RUFINO MARIA;M;182989;758, 061, 584, 278, 469
175;KELIANE S S;JOSE SOUZA SALES;TANIS;M;1972814;924, 376, 321, 164
176;NADSON BATISTA MORAIS;LUIZ FERREIRA MORAIS;MARIA;H;345973;367, 932, 435, 887, 641, 875
177;JULIA F P;ANTONIO ROSA PIRES;ANTONIA;M;941974;569, 319, 785, 008, 374, 957, 114, 060
178;IRANILDA GERALDA RODRIGUES;GERALDO;DILMA GETALDA MAEIANA;M;28302005;322, 269, 309, 424, 686, 759
179;FRANCISCA;PAULO R F;MARIA SARAIVACAUTFO;M;13327998;141, 366, 061
180;RAIMUNDA;FRANCISCO;EUZA PEREIRA SILVA;M;1452005;714, 021, 118
181;BDRIANA RODRIOXES SAQTOS;RAIMUNDO PEREIRA SANTOS;MARIA RODRIGUES SOUSA;M;2091885;381, 200, 676, 185, 838, 571, 251, 734, 674, 559
182;BENEDITO;JMRLISOZ R N;DONATA;H;721974;996, 065, 096, 875, 652, 681, 524, 627, 561
183;ROGERS SOUSD GIMES;QASE ARTUJOGONES;RAIMUNDA;H;691358;591, 691, 623, 005, 826, 645
184;CICERA GOMES RONALDO;JOSE BATISTA RONALDO;MARIA;M;7911996;850, 425, 509, 416, 480, 324, 332
185;TAILLYNE;ANQONIO L A;CELIA;M;2661991;404, 898, 209, 289, 834, 357, 225, 966, 358
186;EDVANIA FERNQNDES RODRIGUES;DIEGO ALEXANDRE RODRIGUES;ANAFEYNANDES ARIFTANA;M;2951997;453, 626, 836, 520, 563
187;DOMINGOS OLIVEIRAIAURO;FRANCISCO;MARIA OLIVEIRU SOCORRO;H;781942;964, 276, 918, 596
188;RAIMUNDO;VITERBINO CARNEIRO SILVA;MARIA A A;H;796783;721, 610, 922, 630, 359
189;MARIA F S;ANTONIO;EUGENIA FERREIRA SOUSA;M;2188971;188
190;DANIELE;FRANCISCO SILVA COSTA;ERNEXTINA FLVYS ELIZEUDA;M;12171979;612, 377, 475, 431, 084, 902
191;ARTHUR VALENTE GONZAGA;FRANCISCO S G;FRANCISCA VALENTE COSTA;H;231648;774, 909, 125, 984, 410
192;PUSCILETA FERREURASELVENW;ODORICO XELNIR SALVINO;OSMINA F A;M;1061982;349, 212, 435, 281, 349, 727, 493, 288
193;JOSESOUSA HHAPAS;FRANCISCO FERREIRA CHAGAS;ANGELA SOUSA MORAIS;H;671931;151, 654, 575, 538, 682
194;LUCAS ARAUJO JULIO;JOSE L J;SOLANGP ARAUJJINARJO;H;1681979;587, 777, 962
195;KAUE;ISAILSON SANTOS MARTINS;MARIA LUCAS SANTOS;H;491994;093, 923, 045, 133, 567, 060, 572, 296, 912
196;FRANCISCO NASCIMENTO RAIMUNPO;INOCENCIO;ANTONIA NASCIMENTO COELHO;H;1672008;004, 964, 099, 312, 397, 718
197;DOUGEAS;FRANCISCO;MARIA SILVA SILVA;H;112046;805, 917, 864, 552, 791, 399, 544, 521
198;FRANCISCA;JOSE SANTOS SANTOS;MARIA;M;2378003;729, 118
199;ZULEIDE S B;HENRIQUE S B;ANGELA SANTOS ALMEIDA;M;1191951;190, 296, 750, 464, 472, 549, 122
200;MAPHA CP;FRANCISCO COSTA PEREIRA;MARIA CLEMENTE PINHO;M;15112978;697, 008, 242, 071, 709, 959
201;ROSA REBEKA CESAR;LUIZ COSTA CESAR;MARIA REBEKA MIRANDA;M;2621982;405
202;ISABEL CRUZ PEREIRA;BERILO SERGIO PEREIRA;SEPARI SIFZ MADTNBY;M;811987;886
203;ANTONIO VERAS BARBOSA;JOSE LIMA BARBOSA;FRANCISCA;H;1481380;331, 529, 553, 802, 127, 282, 481
204;HARIA CASTRO SANTOU;JOXE SS;MARIA CASTRO MARIA;M;2921956;116, 588, 682, 906, 140, 874
205;LAISLA FLOZINHA SILVA;RAIMUNDO S S;ANGELITA F E;M;0661646;711, 736, 796, 331, 432, 892, 354, 589, 613
206;MARCIA V F;JOAO;MARIA V S;M;1621907;914, 324, 667, 572, 590, 891, 632, 219, 391, 315
207;BRUNA A N;FRANCISCO O N;VLADIANA ALVES SILVA;M;6461961;179, 329, 417, 276, 229, 697, 908, 881
208;JADSON SILVA ANDRADE;COHMO;DIOLINDA S S;H;1117064;273, 012, 733, 194, 234, 057, 309
209;MARIA B B;MANOEL NUNES BATISTA;LILIA BEZERRA SOARES;M;1222614;289, 349
210;FRANCISCO P R;VALDECI S R;MARIA PRAZERES BRITO;H;1851942;489, 709, 170, 840, 286, 252
211;AURILENE FREITAS SILVA;JOSE ARAUJO SILVA;FRANCISCA F M;M;2058988;594, 726, 812, 021
212;JRAERISDOSILVA SOAVES;FRANCISCO;FRANCIZCA SM;H;252009;408, 845
213;FRANCISCO BARROS COSTA;CARLOS COSTA COSTA;MARIA B M;H;862012;039, 321, 999, 340
214;VALMIR JOELMK IONCEICAO;VALDEMAR;TEREZA JOELMA OLIVEIRA;H;2871999;113, 826, 092, 420, 115, 162
215;JOSE C S;RACMUNDO SANTOS SILVA;RXNMUNDA C P;H;842004;890, 817, 447, 086, 503, 967, 638, 226, 186
216;MAOIA S N;MANOEL C S;RWSIANA S L;M;2551981;397
217;ANTONIO ARAUJO FACANHA;FRANCISCO RODRIGUES FACANHA;AGLAIANE;H;3031970;596, 286, 744, 771
218;MEKAEL SOUSA MENDES;JOSE SILVA MENDES;MARIA SOUSA BEZERRA;H;1459071;776, 430
219;JEFFERSON BARBOSA FERREIRA;JOSIMAR REIS FERREIRA;MARIA BARBOSA ALVES;H;1411946;362, 561, 559, 132, 407, 768
220;NAYRA L W;MAMEDE FERREIRA SOBRINHO;MARCIA LIMA AZEVEDO;M;2351990;263, 957, 512, 093, 414, 833, 211, 531
221;GISELLE OLIMPIA LIMA;FRANCISCO LIMA LIMA;MARIA OLIMPIA RIBEIRO;M;2258987;696, 520, 248, 315, 941, 945, 767, 433, 187, 325
222;FRANCISCO SILVA JARDEL;ESTACIO JARDEL SILVA;MICHAEL SILVA SILVA;H;1499950;861, 803, 128, 156, 879, 964, 085, 954, 129, 750
223;FRANCISCO GERLANIA SANTOS;MANOEL MOREIRA SANTOS;ROSA GERLANIA SILVA;H;694972;671, 253, 467, 328, 886, 839, 196, 967
224;JUAN BRAGA VIEIRA;ANTONIO OLIVEIRA VIEIRA;MARIA;H;2691970;075, 958, 122, 283, 012, 179
225;MARIA SIRVA FERREIRA;RAIMUNDO ALVES FERREIRA;MARIA SILVA ALVES;M;582057;807, 194, 196, 628, 105
226;JOANITA RODRIGUES NILDO;JOAO;OSMA RODCIGUES SOUZA;M;7501969;544, 012, 743, 240, 284, 241
227;FELIPE;EDGLEISON NETO FERREIRA;JOANA S A;H;1841963;297, 140, 696, 206, 740, 290
228;SEBASTIAO;ANTONIO CARLOS EDMILSON;RAYMUNDA M O;H;7721973;585, 247, 722, 585, 145, 172, 329, 805, 729, 621
229;MARIA S S;JOSE M S;MARIA SILVA OLIVEIRA;M;1018011;127, 903, 030, 778, 589, 291
230;JOAQUIM;FRANCISCO FLAVIO CARNEIRO;ROSILENE CONCEICAO NOGUEIRA;H;1471957;668, 036, 363, 389, 097, 013, 713, 132, 956
231;JOSA BORGES SILVA;VICTOR MESSIAS SILVA;RAIMUNDA BORGES LENILDE;H;2868930;357
232;CARLOS P F;AKDRX PF;SUEXI;H;1461197;577, 443, 696, 217, 414, 892, 558, 828
233;CARINE C N;FERNANDO;MARIA C S;M;1691982;065, 410, 462, 927, 259, 628, 235, 700, 203, 577
234;MARIA V S;RAIMUNDO EDMILSON SOUZA;MARIA VENANCIO GIRAO;M;5968437;435, 208, 971, 128, 857, 971, 449, 137
235;RAUHN SILVA LIMA;JUCELINO;MARIA SILVA BERNADETE;H;9301938;989, 696, 789, 250, 175
236;FRANCISCO F S;FELIPE BARBOSA SANTOS;LUCELIA;H;690935;087, 372, 758, 337
237;TEREZINHA ALVES SILVA;JOSE M S;MARIA ALVES SILVA;M;8991959;026, 763, 466, 077, 868, 379, 515, 855, 705, 473
238;SARAH CLEIDE OLIVEIRA;ANTONIO SOUZA OLIVEIRA;MARIA;M;1421967;098, 557, 701, 072, 506, 100, 065, 412, 003, 081
239;DAVI S R;GILVAN LIMA RODRIGUES;NAYANA S A;H;6942806;544, 137, 684, 185, 089, 476, 345
240;EEPRILANE;AQBERTL ALVES SANTOS;KARINE SILVA RICARDO;M;4272008;849
241;MARIA SILVA RAFAEL;ANTONIO P R;FOSRA S S;M;2271960;667, 853, 502, 251, 747
242;FRANCISCO S A;CICERO G A;BENEDITA SILFA GOMES;H;5141953;993, 814, 997, 291, 567, 359
243;MARIA S C;FRANCISCO CRUZ CASTRO;MARIA SOARES SILVA;M;23103985;777, 049, 550, 293, 477, 686, 126, 843, 560, 207
244;ROSA GRACAS SILVA;LUIS ALVEC PILVA;ZULENE GRACAS SOUSA;M;13118966;537, 975, 872, 872, 681, 032, 527, 438
245;VICTOR COSTA SILVA;RAIMUNDO OLIVEIRA SILVA;MARIA COSTA ISABEL;H;2561973;650, 244, 044, 306, 704, 232, 092, 041, 214
246;ANA SILVA LIMA;PEDRO F L;CECY SILVA BARBOSA;M;1276977;838, 302, 047, 022, 570, 161, 901
247;RODRIGO OLIVEIRA SILVA;RIVELIM;HYSANS OGKVEIRA FCRRHIWA;H;1441669;616, 729, 886, 369, 287, 490, 929
248;PATZICY A C;FRANCISCO NOGUEIRA CUNHA;MARIA ANGELO DUARTE;H;4241963;447, 006
249;ANTONIA COSTA MARTINS;RAIMUNDO S M;FRANCISCA;M;2352012;979, 176, 805, 073, 285
250;MARIA TEIXEIRA SOUSA;RAIMUNDO ARAUJO SOUSA;MARIA TEIXEIRA RODRIGUES;M;142012;448, 225, 216, 058, 792, 375
251;MARPA MACIEL GOMES;JOSE COSTA GOMES;MARIA MACIEL RITA;M;4374101;039, 608, 430, 004, 678, 849, 873, 561, 947
252;MARIA;CARLOS;FRANCJPCA SILTR FERNANDES;M;1342812;735, 644, 628, 579, 647, 726
253;PRISCILA PEREIRA ALMEIDA;ANTONIO OLIVEIRA ALMEIDA;LUCIENE PEREIRA OLIVEIRA;M;23111932;397, 776, 654, 421, 864, 817, 136, 393, 027
254;LEVI SANTOS LIMA;FRANCISCO S L;MARIA S S;H;1162007;526, 561, 531, 354, 772, 612
255;DANIEL BATISTA SOUSA;HRANCIJCO;EVELINE BATISTA NASCIMENTO;H;1012011;957, 650, 732, 856
