ID;Nome;Nome da Mae;Nome do Pai;Sexo;Data de Nascimento
0;JONATHAN AMORIM CARLOS;JOSE;LUIZA A F;m;22-8-2003 00:00:00
1;ADILTON SILVA ALVES;MANOEL;TEREZA SILVA ADELAIDE;m;12-5-1297 00:00:00
2;KARLA TEOFILO NETO;CICERO DOMINGOS NETO;MARIA TEOFILO MARIA;f;38-4-1810 00:00:00
3;ISABEL OLIVEIRA ABREU;DINISIO SANTOS ABREU;MARIA OLIVEIRA SANTOS;f;28-3-0632 00:00:00
4;QUEIEA R S;FRANCISCO CORDEIRO SILVA;ANTONIA ROCHA JOSE;f;92-5-2002 00:00:00
5;WALISSON Z W;FRANCISCO COSTA CASTRO;LIDIA SANTOS KELLY;m;29-8-2013 00:00:00
6;ANDREIA;JJELSON AOPTEIRO AMARANCA;ELIDIANA ARAUJO SOUZA;f;4-14-2615 00:00:00
7;REYNATO SANTOS FELICIO;MANOEL R F;EUNICE SANTOS OLIVEIRA;m;3-6-1998 00:00:00
8;LEIA R G;JOSE SOUZA GONCALVES;ANA RODRIGUES SENA;f;17-7-1995 00:00:00
9;MARIA SILVA SANTOS;ANTONIO ASSIS SANTOS;KARINE SITVA QKEIROZ;f;20-3-4003 00:00:00
10;GABRIEL S A;FRANCISCO;FRANCISCA;m;4-6-2286 00:00:00
11;MARIA ABREU SILVA;ANTONIO CARVALHO SILVA;MARIA ABREU SERAFIM;f;51-6-1998 00:00:00
12;RILEY BERNARDA GARCIA;JOSE SOUSA GARCIA;MARIA BERNARDA DANY;f;01-7-2010 00:00:00
13;ALINE B V;ADALBERTO SILVBA FERREIRA;FRANCISCA BRAGA GOSES;f;5-01-8959 00:00:00
14;MAYCON C A;JOAO B A;MARIA CONCEICAO BALBINA;m;19-3-2002 00:00:00
15;ROZINEIDE MARIA SILVA;MANOEL CARVALHO SILVA;ANELIZE MARIA NEJ;f;26-11-2403 00:00:00
16;JACINTA ROSA LEAL;MAXIMO;LENICE ROSA HOLANDA;f;8-10-2006 00:00:00
17;VALERIA S C;FRANCISCO G C;ELIZA S F;f;3-4-0901 00:00:00
18;MARIA SILVA PINHEIRO;JOSE CRUZ PINHEIRO;MARIA SILVA BEZERRA;f;8-4-2002 00:00:00
19;NYKODEYWX L S;RAFAEL GOMES SOUSA;MARIA LUCIA EUTEMIA;m;18-5-1996 00:00:00
20;FRANCISCA MESQUITA POSSIDONIO;CESAR LIMA POSSIDONIO;MARIA MESQUITA ARAUJO;f;9-18-1996 00:00:00
21;GLERISTON SALES AZEVEDO;DANILO MELO AZEVEDO;ANTONIA SALES MELO;m;95-9-2013 00:00:00
22;MARCELO JESUS BRAGA;JOSE ALENCAR BRAGA;FRANCISCA JESUS VIEIRA;m;19-1-4551 00:00:00
23;DAVID JACINTO SOUSA;VALDECELIO M S;MARIA JACINTO SOUSA;m;13-6-2007 00:00:00
24;JOEL V G;ANTONIO;MARIA VILMA JESUS;m;4-1-2005 00:00:00
25;ELVIS NASCIMENTO ANTONIO;GILDEMAR MESQUITA ANTONIO;RJEUNL NAGCIMENTG BARROSO;m;24-6-2004 00:00:00
26;JAUUELHVI TATIANA SEVEVAANO;FREDSON;MARIA T O;f;16-7-3944 00:00:00
27;SHERIDA LOPES SOUSA;JOSE PEREIRA SOUSA;MARIA LOPES HUMBERTO;f;20-5-2902 00:00:00
28;KATIA P B;DDMKLSON;MARIA PENHA LIMA;f;48-40-2015 00:00:00
29;JOAO CASSIA ROBERSO;LEONEL;IEDA;m;00-5-0013 00:00:00
30;MARIA;JOSE C S;MARIA MARIA SILVA;f;10-0-2503 00:00:00
31;ERISVANDO C S;MANOEL LIMA SILVA;VICENCIA CELESTINA CASSIA;m;3-8-2008 00:00:00
32;IASMIN PEREIRA LIMA;ANTONIO SILVA LIMA;MARIA PEREIRA MELO;f;32-4-2017 00:00:00
33;ESTELA;JAIME DANIEL SOUZA;MARIA ALEXANDRE SOUSA;f;6-7-3009 00:00:00
34;MARIA RODRIGUES CASTRO;FRMNFYMCL AVELINO CASTRO;MARIY KODWIGUES PAIVA;f;9-5-2000 00:00:00
35;BRUNA SOUSA GOMES;JOAQUIM C G;MARIA S B;f;38-8-2059 00:00:00
36;GLEYDSON;MAHIO BATYLSA BAKBOSA;MARIA LIDUINA RODRIGUES;m;24-0-2002 00:00:00
37;VERONICA ALBUQUERQUE SOUSA;EDEALSPN F S;GILMARA;f;7-10-2043 00:00:00
38;JOSENELIA;PAULO BEZERRA MARCELO;OZANIRA BENTA SOUSA;f;10-3-1998 00:00:00
39;RAIMUNDO FERREIRA COSTA;ANTONIO LEMVSCOSHA;MARIA F S;m;28-9-2008 00:00:00
40;RAIMUNDA RODRIGUES SOUSA;GLKYDSON OLRVEIRA SOUSA;MARIA;f;60-2-2009 00:00:00
41;GEVANILDO S M;MANOEL A M;RAIMUNDA SILVA CECILIA;m;15-7-2313 00:00:00
42;MARIA;FRANCISCO SILVA FERREIRA;ANTONIA D S;f;9-10-2001 00:00:00
43;PAULO ALMEIDA SANTOS;JOAO TOMAZ SANTOS;MARIA ALMEIDA ANALUCIA;m;6-5-1997 00:00:00
44;FRANCISCB;SEBASTIAO BARBOSA ALEXANDRE;ANA P M;f;18-1-4202 00:00:00
45;RAIANE CELI SILVA;HUTYNIO COSTA SILBA;MARLENE CELI NASCIMENTO;f;3-8-2000 00:00:00
46;MAX FERREIRA MORAES;JOAO LIMA MORAES;ESTEC FIRWEWRA BESSA;m;18-1-9019 00:00:00
47;ANA PEREIRA PAULINO;ANTONIO;MARIA;f;4-9-2070 00:00:00
48;LARISSE REJANE SERGINO;JOAO SILVA SERGINO;FRANCISCA REJANE SOUSA;f;41-9-1996 00:00:00
49;GERALDO CARLOS LOPES;JOSE CHAGAS LOPES;ABA CARLOS ETNXCE;m;2-3-7399 00:00:00
50;SWDAH LEMOH CONCESCAO;CARLOS RAMOS CONCEICAO;MAWIA;f;9-7-2009 00:00:00
51;GAEL REIS SOUSA;SILVESTRE ALVES SOUSA;GARIA DEISSOUSA;m;1-7-2003 00:00:00
52;JOSE LOURA FERREIRA;JOSE SILVA FERREIRA;MARIA LOURA VIEIRA;m;5-90-2201 00:00:00
53;ARNALDO S A;ESTANISLAU ALVES SILVA;ISABEL;m;25-1-9997 00:00:00
54;FRANCISCO SOUZA SILVA;JOSE BARBOSA SILVA;MAREAS O;m;5-4-2212 00:00:00
55;ANDREIA FERREIRA ANTONIO;FRANCQSWO;FRANCISCA F G;f;19-5-1994 00:00:00
56;ANTONIA JOSE CASSIMIRO;FRANKSGLEY RODRIGUES CASSIMIRO;ERANILDF JOSE RODRIGHES;f;76-1-2107 00:00:00
57;MARIA CRISTINA SANTOS;FRANCISCO ANTONIO SANTOS;ERIDEIDE CRISTINA FREIRE;f;07-7-2003 00:00:00
58;FRANCISCA BARBOSA OLIVEIRA;CARLOS RODRUGUNS OLIVEIRA;ANTONIA BARBOSA PINHEIRO;f;44-11-2000 00:00:00
59;KICTORIA N O;JOSE SILVA OLIVEIRA;MARIA NASCIMENTO OLIVEIRA;f;74-5-0012 00:00:00
60;VILANI SOUZA SOUSA;JOSE FERREMRA SOUSA;MARIA S S;f;9-8-7010 00:00:00
61;FELIPE COSTA MAIA;ANTONIO T M;YARII COSXA FWANCISCA;m;8-5-3566 00:00:00
62;TATIELE ALENCAR SANTOS;RICARDO S S;EDNEUDA;f;9-6-9997 00:00:00
63;MARIA OSCARINA COSTA;JOAO REIS COSTA;ALINE H Z;f;8-2-2011 00:00:00
64;FRANCISCO C P;FRANCISCO SILVIO PAULO;SANDRA CONCEICAO SOUSA;m;11-1-2095 00:00:00
65;MARIA SALES SANTOS;SAMUEL SILVA SANTOS;MARIA SALES SILVA;f;26-7-1980 00:00:00
66;FRANCISCO OLIVEIRA CHAGAS;MARCO S C;KUZIA OLIVEIRA MOURA;m;2-9-1995 00:00:00
67;AMANDA;JOSE;CHEIMHFELINTOSPCVA;f;65-71-2414 00:00:00
68;UANE SAQTOS LUCIONO;ANTONIO ALVES LUCIANO;MARIA S M;f;17-10-1997 00:00:00
69;DANIEL;JOSE SILVA CAETANO;MARIA FATIMA SOUSA;m;12-10-2013 00:00:00
70;MARIE P S;RAIMUNDO CAETANO SILVA;LAMISSAPAULO SILVA;f;20-9-2001 00:00:00
71;KAILANY PEREIRA SILVA;ANONIO L S;RAIMUNDA P P;f;10-7-2024 00:00:00
72;JOSE CARMP SILVA;JOAO B S;ANTONIA CARMO SANTOS;m;05-2-2107 00:00:00
73;MARIA OLIVEIFA JORGE;LAMARTE;BARUICIA OLITAIRA AARTINS;f;17-4-1998 00:00:00
74;GABRIELLA PEREIRA SILVA;ALMIR MARIA SILVA;FRANCISCA PEREIRA FATIMA;f;29-3-9405 00:00:00
75;SOLANGE N M;GNTONIO QONTEIRO CQRAJO;TEOFILA NAZARE CORDEIRO;f;5-0-2002 00:00:00
76;RAYANE CLAUDILENE PEREIRA;JOSE ROCHA PEREIRA;LILIANA CLAUDILENE OLIVEIRA;f;50-11-6012 00:00:00
77;LUZIA;JOSE SALDANHA FIRMINO;ANA AZEVEDO L;f;26-1-7996 00:00:00
78;JOSE M N;JPSE GOMES NALCIMENTO;MARIA MARIA SILVA;m;14-9-2064 00:00:00
79;NEIDE FRANCA PAULO;FRANCISCE COSTA PAULO;CRISTINA FRANCA CORREIA;f;7-10-1996 00:00:00
80;JACIANO NOGUEIRA ANDERSON;MANOEL SILVA ANDERSON;ANTONIA DOGCEIRA MQCEDV;m;18-6-1998 00:00:00
81;MARIA BRAZ BEZERRA;FRANCIJEO S B;OARIA B B;f;24-1-2144 00:00:00
82;ANNA;FRANCISCO SERGIO CARLOS;FRTNSQUINHA;f;19-3-5008 00:00:00
83;ANADTACIF BRITO MENDMKCA;JOSE DAMACENO MENDONCA;ADALGIZA BRITO REINALDO;f;12-6-8023 00:00:00
84;ADSON LEONARDO SARAIVA;JOAO SALES SARAIVA;SEBASTIANA LEONARDO SOUSA;m;21-9-1996 00:00:00
85;FRANCISCO SILVA SOUSA;JULIO VASCONCELOS SOUSA;ANA SILVA STUZA;m;15-1-2008 00:00:00
86;SOLON;ALCIDES ANDRADE PAULINO;MARIA;m;6-8-1997 00:00:00
87;ANA S S;JOSE RIBEIRO SOUSA;FABRICIA SANTOS BORGES;f;9-9-2007 00:00:00
88;FRANCISCO SILVA RODRIGUES;JOSE RODRIGUES SILVA;MARA SILVA RABELO;m;5-12-2053 00:00:00
89;DAVI SOUSA CARVALHO;RAIMUNDO S C;ISABELE S B;m;64-9-2089 00:00:00
90;STEPHASE NASCIMQNTP PEBETRL;FRAQCISCO SISVA PEREIIA;MARIA;f;28-5-0001 00:00:00
91;PEERO SILVA CICERT;HUMBERTO ARAUJO CICERO;MARIA SILVA FRANRLJEIDE;m;2-7-2003 00:00:00
92;IVANEIDE VIRIATO BARROSO;ANTONIO S B;MARIA VIRIATO ANDRADE;f;10-6-2014 00:00:00
93;IARLEY A S;LUIZ SILVA SILVA;RAIMUNDA ALENCAR BARROS;m;1-0-1948 00:00:00
94;IEDROIZACEL SNNIOS;EZEQUIAS E S;MARIA I S;m;1-7-2500 00:00:00
95;MXRIA ARAVJO ALCES;CICERO;FRANCISCA ARAUJO SILVA;f;14-8-2055 00:00:00
96;JAMILY SANHOS SIEVA;EXPEDITO FREITAS SILVA;SHEILA S M;f;9-1-0995 00:00:00
97;BENEDITO ARAUJO FELIX;JOSE LIMA FELIX;MARIA ARAUJO ALVES;m;25-4-2001 00:00:00
98;CAIO SOUSA GERALDO;JOSE COSTA GERALDO;IOLANDA SOUSA MENDONCA;m;7-2-6998 00:00:00
99;MARIA OLIVEIRA FILHO;PAULO BRUNO FILHO;MARIA OLIVEIRA SANTOS;f;29-1-2008 00:00:00
100;ERINALDO OLIVEIRA MARTINS;CLAUDIO ARAUJO MARTINS;MARIA OLIVEIRA ISABEL;m;28-7-2013 00:00:00
101;FFZDCTSCA;ANTONIO;MARIA CONCEICAO CELIA;f;7-8-6071 00:00:00
102;JONETH LOPES SOUSA;FRANCISCO SILVA SOUSA;MARIA L S;m;14-4-2906 00:00:00
103;RICARDO RIKEIRO MJYXEL;JOCE LUZ MACIEL;MARIA R R;m;15-2-2011 00:00:00
104;LUCINEUDO SILVA MOREIRA;PEDRO L M;MARIA SILVA CARNEIRO;m;83-9-1999 00:00:00
105;GABRIELA CEU SILVA;JYSE;MARTA CEU BARROSO;f;12-5-1790 00:00:00
106;EDNA MESQUITA ARAUJO;ANTONIO;CILA;f;12-2-1997 00:00:00
107;FRANCISCA;THEAGO;MARIA ARAUJO PEREIRA;f;11-5-5012 00:00:00
108;FAGNER FURTADO OLIVEIRA;MCSPIAS SO;MARIA FURTADO BARROS;m;72-3-2030 00:00:00
109;FRANCISCO MACIEL LIMA;ADRIAIO DOMBNRGS LIMA;XELIANEMACKELROZENDY;m;27-1-3004 00:00:00
110;MARIA SILVA NETO;NAZARENO IRINEU NETO;MARIA SILVA NEIR;f;25-1-2006 00:00:00
111;TATIANA COSTA SILVA;RAIMUNDO;MARIA COSTA ELZENIR;f;18-10-1997 00:00:00
112;MARIA;FRANCISCO SOUSA RAIMUNDO;MFRIN ROSANGELZ GONCALKEN;f;16-5-1002 00:00:00
113;FRANCISCO FACANHA COSTA;EMILIANO PONTES COSTA;BARIA G S;m;21-18-2041 00:00:00
114;FERNANDA LUCENA FILHO;GERARDO;GILVANIA LUCENA LENDENGUE;f;9-5-2708 00:00:00
115;CARLOS L A;IZAIAS SILVA ALVES;GLORIA L G;m;9-5-1995 00:00:00
116;MARIA;JOXE POREIRA ALVES;JANAIE OLIVEIRA OLIVEIRA;f;5-1-3996 00:00:00
117;MARIA SILVA DAMASCENO;HELANO DAMASCENO SILVA;RENATA SILVA ROCHA;f;8-9-2011 00:00:00
118;GEANE SENA PINTO;ANTONIO GILBERUO PINTO;MARIA SENA SOUSA;m;27-6-2113 00:00:00
119;VHIMBNDO FERREIRA DIBEIRO;JOAO VASCONCELOS RIBEIRO;SELENE FERREIRA FERNANDA;m;24-86-1991 00:00:00
120;MENOEL;SALOMAO C A;MARIA M S;m;18-10-2001 00:00:00
121;JEANA ROMINGUES ALVES;FRANCISCO;IZABEL DOMINGUES SOUZA;f;22-8-1996 00:00:00
122;RAIMUNDO M L;VICENTE;MARIA MARIA PONTES;m;21-6-2984 00:00:00
123;JOSE NNDRADE XIMENUS;JOSE F X;MARIA;m;18-3-3007 00:00:00
124;MICHEL CONCEICAO CHAGAS;FRANCISCO S C;MARIA;m;91-6-1996 00:00:00
125;GERMANO SILVA ERIBERTE;ANTONIO ERIBERTO SILVA;JOFEIASILVA CVSTA;m;10-2-2012 00:00:00
126;MARIA LIMA FELIX;MARCOS ANTONIO FELIX;ZULENNE LIMA SILVA;f;13-11-1996 00:00:00
127;ANA PAZ SANUOS;SERGIO NETO SANTOS;RAIMUNDA;f;4-5-1997 00:00:00
128;DEUSDYANA MOTA LIMA;LUIS FREITAS LIMA;MARIA MOTA FELYPE;f;8-11-9001 00:00:00
129;FLANCILENE OLBVEIRAFPRREIRA;JOAQUIM AMARANTE FERREIRA;MANUELINA OLIVEIRA MORAIS;f;28-9-2049 00:00:00
130;VIVIANE TEOFILO TIAGO;EDGAR SANTOS TIAGO;MARIA TEOFILO LIMA;f;8-15-1013 00:00:00
131;LUANA S P;FRANCISCI;LUCINEIDE SANTOS SILVA;f;5-0-1008 00:00:00
132;MARIA B S;PAULO SOUSA SANTOS;LUANA B S;f;21-6-2091 00:00:00
133;ERINETE L A;LUIZ PAES ALMEIDA;SANDRA LOPES ALMEIDA;f;29-16-1003 00:00:00
134;ANTONIO COSTA PEREIRA;ANTONIO SILVA PEREIRA;KAYRIS CODFA MARCIO;m;18-81-2008 00:00:00
135;EUZANIRA MARIA BANDEIRA;JERONIMO ALMEIDA BANDEIRA;ELIZABETH MARIA SILVA;f;6-00-4065 00:00:00
136;MARCIO SANTOS SOUSA;WILSON SOUSA SANTOS;MARIA S L;m;22-11-2023 00:00:00
137;SALOMAO AMELIA LEMOS;ANTHNIO;MARIA A S;f;24-6-2009 00:00:00
138;MARIA S N;ARCENIO TARCISIO NUNES;MARIA SILVA MARGARIDA;f;25-1-0000 00:00:00
139;KARID ZEHXEIRA HILHO;GILAILSON ROCHA FILNY;MARIA TEIXEIRA GOMES;f;2-30-3004 00:00:00
140;JOAO LIMA WELLINGTON;LEANDRO M W;TEREZA LIMA CASTRO;m;18-9-2016 00:00:00
141;MARIA S Q;NTBILNOSOARES QIMXROZ;AGBOFIA SILVG ADRILNU;f;18-7-1995 00:00:00
142;MAIIAZONCEICAO ANJREDE;EDSON FERNANDES ANDRADE;RAIMUNDA CONCEICAO CARNEIRO;f;19-4-2707 00:00:00
143;LUIS PINHEIRO OLIVEIRA;RAIMUNDO S O;SURAZI;m;30-5-3000 00:00:00
144;LUCELITA LEANDRO ABREU;JOSE;FRANCISCA LEANDRO VIANA;f;9-0-2007 00:00:00
145;FRANCISCO DELMIRA SILVA;EDUARDO S S;FRANCISCA DELMIRA BRITO;m;14-9-2008 00:00:00
146;ANGELICA AMELIA ALVES;RAIMUNDO;ELAINL AMSSIA BJTIITA;f;14-8-1197 00:00:00
147;KATIANA GOMES VANDO;FRANCISCO LIMA VALDO;MARIAGOMES NTLDE;f;6-6-6014 00:00:00
148;VANDA GONCALVES BERNARDO;FRANCISCOJDURA BERNARDO;TEREZA;f;10-7-1996 00:00:00
149;MARIA;JOSE SAMPAIO SOUSA;MARIA CONCEICAO LIMA;f;27-8-2609 00:00:00
150;ADRIANA CASTRO OLIVEIRA;LEANDRO FERREIRA OLIVEIRA;VALDENIZIA CASTRO RODRIGUES;f;66-8-2012 00:00:00
151;JOSE ANJOS SOUSA;JOSE S S;ROSFLI ANBOS MOURA;m;60-4-2013 00:00:00
152;CNA ANTONIA SOUSA;WESLEY SILVA SOUSA;JOANITA ANTONIA HILARIO;f;40-11-2001 00:00:00
153;ERIDAN COSTA SANTOS;JOSE BATISTA SANTOS;DERLANIA COSTA RODRIGUES;m;24-4-2001 00:00:00
154;VIVIANE T F;JOSE SERAFIM FILHO;MARGARIDA T N;f;29-4-1999 00:00:00
155;JOSE CARMO OLIVEIRA;VAJFCISIO CUNHM DLIVPIWA;MARIA CARMO FREITAS;m;15-5-1998 00:00:00
156;ADRIANA;JAIME SERAFIM NOBRE;MBRLA LUNAOLEVEIPA;f;13-7-1998 00:00:00
157;EMANUEL JOSELIR OLIVEIRA;ANTONIO COSTA OLIVEIRA;RAQUEL;m;73-8-1993 00:00:00
158;JANE BENAG MARIANO;WITANAA C M;MARIA BENTO SILVA;f;26-6-8004 00:00:00
159;VALDENIR BARROSO SILVA;PEDRO ALVES SILVA;VERA;m;18-6-1698 00:00:00
160;ISAAC FATIMA ALVES;FRANCISCO SILVA ALLES;MARIA FATIMA OLIVEIRA;m;1-8-2014 00:00:00
161;RUAN CARMO MATOS;ANTONIO C M;FRANCISCA CARMO SOUZA;m;2-6-2026 00:00:00
162;ROBERVANDO SILVA SANTOS;MANOEL NONATO SANTOS;ANTONIA;m;5-7-2004 00:00:00
163;ANTONIA FREITAS DUARTE;JOSE EDSON DUARTE;ADRIANA F C;f;8-7-3002 00:00:00
164;ANA VWMADA SILVA;FRANCISCO;PATRICA ALMADA ZENAIDE;f;23-1-2020 00:00:00
165;RAIMUNDO FATIMA PEREIRA;JOSE ADALBERTO BEDEIRA;RAAID;m;16-9-2043 00:00:00
166;VAUCIRENE ROMOS AIGELO;JOSE ALMEIDA ANGELO;ELVIRA RAMOS JESUS;f;28-9-2287 00:00:00
167;MICHELLE RODRIGUES JOSE;ALGENIZIO SOARES JOSE;MARIA;f;7-4-0012 00:00:00
168;MARIA LUCICLEIDE NETO;MARCOS NONATO NETO;LETICIA LUCICLEIDE CALIXTO;f;18-2-2011 00:00:00
169;FRANCISCO OLIVEIRA ALMEIDA;PEDROS A;ANA OLIVEIRA DUARTE;m;17-4-7003 00:00:00
170;BRUNO BATISTA GOMES;JOSE B G;IRISMAR BATISTA LEANDRO;m;20-7-2011 00:00:00
171;IAN LEMOS SILVA;PEDRO LIMA SILVA;OTILIA;m;57-11-2007 00:00:00
172;WARKA FRANCA XHVIER;FRANCISCO;ANTONIA FRANCA SILVA;f;7-2-1399 00:00:00
173;ANTONIO RODRIGUES SOLES;CARLOS SOUSA SALES;MARIA R M;m;29-9-1940 00:00:00
174;ANA MENEZES SOUSA;JOSE FS;GERALDA;f;10-1-2012 00:00:00
175;ELISANGELA SOUSA CARLOS;GLEISON PEREIRA CARKOS;WELLIANE SOUSA SILVA;f;12-7-2006 00:00:00
176;ELDON MARIA COSTA;ANTONIO;MARCILENE M F;m;28-11-2009 00:00:00
177;FRANCISCO;JOAQUIM OSCIVAN SILVA;ANGELINA C C;m;46-9-1695 00:00:00
178;YOMINGOS;ANTONIO MARQUES AGUIAR;ARIANA SAMPAIO MARQUES;m;58-5-7997 00:00:00
179;JOAO;TIBERIO SILVA TEIXEIRA;MARIA L L;m;22-3-2084 00:00:00
180;ALEXSANDRO R G;JOAO SOVRINHO GOMES;YOLANDA RODRIGUES PEREIRA;f;20-80-2010 00:00:00
181;GLAUCINEIDE ESTEVAO FELIPE;NOSEF F;MARIA;f;0-7-2006 00:00:00
182;LAYS PEREIRA COSTA;JOSE;FRANCISCA;f;20-9-1009 00:00:00
183;ANA CARMO ALVES;NAPOLEAO MONTE ALVES;ELOINA CARMO RAMOS;f;19-7-1999 00:00:00
184;FRANCISCA ALMEIDA PIRES;ARIMAR OLIVEIRA PIRES;MARIA P L;f;17-10-2056 00:00:00
185;ENTONIO AQUIAR SOUSA;LUIS;MARIA AQUIAR SILVA;m;19-2-2001 00:00:00
186;ANE;AUGUSTO S S;MARIA SOUSA ANJOS;f;24-1-2001 00:00:00
187;RAVENA OLIVEIRA SILVA;DANIEX MARGA OILVA;ANA OLIWEIRX ROSA;f;23-10-2032 00:00:00
188;EMANUEL;FRANCISCO MELO ASSIS;MARIA SILVA KAROLINE;m;15-8-1998 00:00:00
189;MARIA MARIA MESQUITA;SANTIAGO DIAS MESQUITA;ACRIN;f;13-1-2008 00:00:00
190;VNRONIZIA;ROGERIO EDNARDO SILVA;MARIA SILVA SILVA;f;30-8-2301 00:00:00
191;JOSE SOUSA ALMEIDA;AUDISIO GERSON ALMEIDA;GERTRUDES SOUSA FERREIRA;m;3-10-2008 00:00:00
192;SAIMUNDO SILVA COSTG;EDNALDO MOREIRA COSTA;MARIA SILVA TEIXEIRA;m;14-2-3092 00:00:00
193;SULAMITA ALDIANA ROSAL;ISAIGS LOPESROSAL;MARLA ALDIANA PEREIRB;f;42-3-2005 00:00:00
194;ANA WILLIAMS DOMINGOS;JOSE PAIVA DOMINGOS;FRYNCIRENE WILLIAFSJOSE;f;22-41-2003 00:00:00
195;EDUARDO SOCORRO SOUSA;RAIMUNDO LINO SOUSA;MARIA S N;m;21-8-1293 00:00:00
196;ANTONIA ANGELA SILVA;FRANCISCO;JARDENIA A S;f;03-6-1996 00:00:00
197;PEDRO SILVA ANTONIO;IRANILSON MAGALHAES ANTONIO;MARIA SILVA SOUSA;m;30-5-2431 00:00:00
198;RITA N A;FRANCISCO FERREIRA AMORIM;FRANCISCA NASCIMENTO FARIAS;f;26-11-2098 00:00:00
199;WENDEL SILVA PEREIRA;FRANCISCO SANTOS PEREIRA;MARIA SILVA SOUSA;m;3-2-1999 00:00:00
200;ANTONIA;EMIDIO MACIEL ALVES;LIDIA OLIVEIRA OLIVEIRA;f;2-2-1097 00:00:00
201;JOAQUIM G T;ISAC SILVA TAVARES;MARIA GERACI IVONIR;m;20-1-1935 00:00:00
202;JOSE;RICARDO LOPES BATISTA;CRISTIANE LUCIA LIMA;m;16-3-2017 00:00:00
203;FRANCISCA ANIVALDA BARROSO;ANALIA;MARILIA;f;31-1-2315 00:00:00
204;MARIA C S;LUINA S;JULIANE COSTA JOSE;f;5-9-2011 00:00:00
205;RAILSON SILVA DIAS;EDIVAN GOMES DIAS;FXRKCISBI;m;11-9-1996 00:00:00
206;VANIA SARAIVA FABRICIO;JWSIANI;FRANCISCA SARAIVA BARBOSA;f;8-11-1939 00:00:00
207;MARIA;JOSE SILVA OLIVEIRA;MARIA BENVINDO SANTOS;f;24-2-2012 00:00:00
208;ANGELA;FRANCISCO CASTRO ALBERTO;FRANCISCA LINHARES OLIVEIRA;f;11-3-2002 00:00:00
209;TRAIZARALIUERAJOSILVA;MARCOS JUNIOR SILVA;MARIA LIBERATO SILVA;f;5-1-2006 00:00:00
210;FRANCISCO ROCHA SILVA;IVAN ALVES SILVA;TERISA KOCHN LUNA;m;19-2-1999 00:00:00
211;AURIMGCIA ASVES ROGRIGUES;AUTONIO LIMA RODRIGUEX;RAIMUNDA ALVES MELO;f;1-11-1697 00:00:00
212;MARIA ESTEVAO ALMEIDA;VICENTE NA;BDTALANIA ESTECML RIXEIRL;f;24-5-2101 00:00:00
213;FRANCISCO OLIVEIRA SILVA;MARIO PEREIRA SILVA;ROZENI OLIVEIRA LIMA;m;16-7-0009 00:00:00
214;JOSE COSTA SOUZA;JEFGERSON VOSCIMENTO SOUZA;ANTONIA COSTA MARIA;m;28-1-1915 00:00:00
