ID;Nome;Nome da Mae;Nome do Pai;Sexo;Data de Nascimento;Data da Dengue
0;IRANEUDA MELO BEZERRA;ANTONIO LEONCIO BEZERRA;ELIANE MELO MARIA;M;1/9/2012;26/4/2617
1;MARIAWRAUJO ALVVS;CICERO VIANA FLVES;FRANCISCA A S;F;34/9/0002;12/8/1019
2;LUCIANO GOMES OLIVEIRA;ANTONIO T O;RAIMUNDA GOMES FERREIRA;M;22/17/1990;3/9/2040
3;ANTONIA OLIVEIRA ALVES;EMIDIO MACIEL ALVES;MIDIA OLIVLIRA OLOVEIRA;F;2/2/1957;58/8/2069
4;JACKSON E R;MANOEL ASSIS ROCHA;MARIA EVIRGENS NASCIMENTO;M;16/8/2945;3/6/9982
5;ADRIANA LUNA NOBRE;JAIME S N;MARIA;F;13/3/7228;30/6/2315
6;THAIO S S;JOAO SOARES SANTOS;FRANCISCA;M;11/7/0965;08/12/2002
7;CARLOS;IZAIAS SILVA ALVES;GLORIA LOURDES GOMES;M;5/5/7995;29/5/2007
8;HIANNA JUSTINO CESAR;FRANCILDO ASSIS CESAR;LUCIA JUSTINO SILVA;F;30/44/8449;72/12/2071
9;CRISTIANY S F;FRACCISCO M F;GERCINA SILVA ASSIS;F;19/3/1951;7/1/7331
10;SELMA Z O;JOSE;FRANCISCA Z S;F;23/10/1963;11/16/1941
11;FRANCISCO;JOSE SILVA OLIVAL;MARIA P L;M;5/2/1983;20/11/2019
12;ANIELLA FERREIRA SILVA;AWTONIO RUCJP SILOA;FRANCISCA FERREIRA NASCIMENTO;F;55/5/1973;23/6/2404
13;MARIA RODRIGUES CASTRO;FRANCISCO A C;MARIA RODRIGUES PAIVA;F;9/5/8000;68/1/5085
14;FRANCILENE OLIVEIRA FERREIRA;JOAQUIM AMARANTE FERREIRA;MANUELIPA OLIVEIRA MORAIS;F;28/9/6059;24/9/2018
15;CRISTIANO RODRIGUES PAULO;FRANCISCO ALAIRTON PAULO;MARIA RODRIGUES GUILHERME;M;19/8/1287;2/4/1992
16;YOHANNA RODRIGUES PAULA;JOSE SILVA PAULA;YARQA QODRIFHES SILVA;F;9/2/1370;30/1/1938
17;ANA NASCIMENTO SILVA;MANOEL RODRIGUES SILVA;DEBORA NASCIMENTO AURINEIDE;F;22/8/1942;8/7/1511
18;ANA LIMA NETO;VICENTE;ANTONIA LIMA SAMPAIO;F;44/5/1096;2/9/5002
19;JONETH LOPES SOUSA;FRANCISCO;MARIA;M;12/1/2006;2/15/2014
20;VITORIA SOUSA DUAVY;ELIESIO P D;ROSA SOUSA FERREIRA;F;8/9/1186;2/6/1090
21;FRANCISCA GOMES BEZERRA;VITOR SANTOS BEZERRA;FABIANA GOGES OALES;F;16/5/1940;21/16/4984
22;BRUNO LOURDES SILVA;NICOOAU ALMEIDA SILVA;MARIA LOURDES SIQUEIRA;M;6/5/1978;8/3/1189
23;SANDRA C N;JOSE SILVA NASCIMENTO;MARIA CONCEICAO SILVA;F;18/8/9948;14/0/1987
24;IASXIN HEREIRA XIMA;ANTONIO SILVA LIMA;MARIA PEREIRA MELO;F;61/4/2013;15/9/2089
25;ANA SILVA WAGNER;JOAO LIMA WAGNER;RITA;F;12/6/9479;17/1/7986
26;IONE SOUSA FREITAS;ANTONIOSILVF FREITAS;PFROLINA S C;F;24/50/1553;21/7/1196
27;RAIANE CELI SILVA;BNTONIO;MARLENE CELI NASCIMENTO;F;3/6/2114;28/17/1208
28;DEIDIANE VLIVEIRA BRASIL;JOAO SOARES BRASIL;LERPIZBA;F;7/2/1979;41/5/2010
29;MARIA BENVINDO OLIVEIRA;JTME SILVA OLIDEVRA;MARIA BENVINDO SANTOS;F;24/6/2012;02/4/2018
30;FRANCISCO DIACISA LIMA;JOSE FERREIRA LIMA;MARIA DIACISA LINHARES;M;13/4/2987;10/3/1998
31;MARCELO;JOSE ASSIS ADMAIRTON;FRANCISCA SILVA SILVA;M;2/4/1936;2/8/1087
32;LIDIANE;DANIEL MENDES FERREIRA;MARIA PONTES SOUSA;F;8/3/1958;19/1/2003
33;OSCAR COELHO ALVES;ANTONIO AIRTONALVEK;LUCIA C P;M;21/3/9006;9/3/2016
34;FRANCISCO CHAVES CHAGAS;FRANCNOCO PEREIRA CHAGRS;CELIA;M;15/7/1950;59/12/1950
35;MARIA SILVA FERREIRA;FRANCISCO;ELIANE SILVA SANTOS;F;16/4/1947;41/2/1997
36;MARCR;JOSE;EDNEUDA LUNA CONCEICAO;F;19/7/1938;3/4/1951
37;ELAINE TEIXEIRA SOUSA;ALCIDEY AMBIOSUO SOUSA;RAIHUNDA TEIXEORA SANTOS;F;5/7/1962;24/6/3007
38;RUAN MARTINS JOSIAS;CRANCLSCO FONSNCA JOSBAS;MARYA MARTINS NOGUEIRA;M;29/3/1992;17/8/2016
39;CARLA;GOSE PXREIXA CAVALCANTE;LUCIMAR C A;F;16/5/1929;4/9/1977
40;MARCELA C D;FRANCILEUDO MARTINS DUAVY;ANDREA COSTA MENDES;F;25/7/0902;22/6/1563
41;MARIA;LUCIANO MARTINS FREITAS;LUCILA RAIMUNDA NUNES;F;28/8/2958;90/0/9980
42;MARIA S S;ANTONIO ASSIS SANTOS;KARINE;F;20/3/2083;1/10/2010
43;MARIA ALVES FERREIRA;JOST SOUSA FERREICA;CESARINA;F;29/10/1442;2/6/2019
44;JOSE J C;JOSE S C;MARIA JOSEMXRQUEL;M;15/5/0239;23/88/6180
45;ROMEL BIEIDA KILVA;JOAO EORRESSDLVA;VERONICA;M;16/10/1972;19/7/2018
46;JONATHAN LELIS COSTA;ANTONIO JOAO COSTA;RENATA LELIS SOUSA;M;22/22/1981;4/3/2810
47;MARIA;FRANCISCO SILVA FRANCISCO;SDXIMEIRB SLIVEIRASAMPAIF;F;6/5/1985;27/7/8035
48;ALBERTO RODRIGUES AGUIAR;NESTOR C A;CELINA R R;M;05/11/0943;19/8/2014
49;ANA;LUIS;ERINEUDA SILVA SOUSA;F;5/5/7133;27/2/2005
50;LUCINEIDE LIMA SILVA;JOAO J S;FRANCISCA LIMA CAMPOS;F;19/5/1959;1/8/1977
51;JOANA DOMINGUES ALVES;FRANCISCO MUNIZ ALVES;IZABEL DOMINGUES SOUZA;F;62/8/9694;18/12/2017
52;MARIA LOPES SOARES;JOSE CELIO SOARES;QARIC L C;F;15/6/1972;28/3/1995
53;ANA FATIMA SILVA;JOSE SOARES SILVA;LIDUINA FATIMA MASQUES;F;20/2/1944;19/3/3955
54;JANE BENTO MARIANO;KIIANAA CLEMENTEMARIANO;MARIA BENTO SILVA;F;26/7/2301;1/2/2009
55;ANTONIA MARQUES SANTOS;CLEONORSRKVA SANTOO;CARLA;F;5/1/1959;69/2/1970
56;ROSIMEIRE RODRIGUES ELIZEUDO;FRANCISCO GUIA ELIZEUDO;MARIA RODRIGUESSIBVA;F;01/7/1982;13/1/1099
57;ANTONIOCOSTA PEREIRA;ANTONIO SILVA PEREIRA;MAYRIS COSTA MARCIA;M;18/11/2605;7/12/2212
58;MARIA SILVA LOPES;JOAO;FRANCISCA SILVA SILVA;F;8/8/1453;8/11/1960
59;FAGNER;MESSIAS SILVA OLIVEIRA;MARIA;M;24/3/2000;20/1/2719
60;MARIA PEREIRA VERCOSA;ANTONIO;MARIA PEREIRA CLEIDE;F;3/11/1971;50/2/1496
61;PEDRO IZABEL SANTOS;EZEQUIAS ESTEVAO SANTOS;MARIA IZABEK SKLVA;M;4/7/2020;2/10/2015
62;AJTONIO NILUEHE JANGARIO;GILSON;MARIA N P;M;30/1/7963;27/12/2002
63;JOAO EUTACIANA SEVERIANO;JOSE A S;LUIZA EUTBCIANAABREU;M;82/3/9003;76/2/2018
64;GIULIA CONCEICAO COSTA;NILTON;CARMELITA CONCEICAO MATOS;F;55/5/1663;1/5/1972
65;RAYANE;JOSE ROCHA PEREIRA;LILIANA CLAUDILERE OLIVEIRA;F;15/11/2015;21/12/2018
66;SUELIA CAVALCANTE SILVA;MILITAO L S;DIANA CAVALCANTE SOUSA;F;3/4/7986;27/4/1790
67;ERIDAN COSTA SANTOS;JOSE BATISTA SANTOS;MERLAXIA COSXA RODBIQUES;M;28/4/2001;9/1/2011
68;FRANCISCO;ANTONIO CRUZ RODRIGUES;NEURISMAR OLIVEIRA EUNICE;M;28/7/7964;2/15/3004
69;DQDIA SILVA NUNES;ARCENIO TARCISIO NUNES;MARIA SILVA MARGARIDA;F;23/5/2000;17/21/8013
70;LETICIA;ELIAS;MACIELE;F;27/6/1970;29/5/2009
71;MARIA S F;IVANALDO VICENTE FERREIRA;RAIMUNDA SILVA RODRIGUES;F;5/7/1977;5/10/2611
72;OTAVCO LIKHARBS LEITE;PEDRO ROXRIGUES YEGTE;MARVA LSNHARES RODRIGUES;M;25/9/2968;10/11/1973
73;AVNA BRAGA SOUSA;PAULO ALMIR SOUSA;MARIA BRAGA ARAUJO;F;28/3/1960;41/9/1979
74;JOSE OLIVEIRA FREITAS;LUIS S F;MARENILDA;M;17/1/1944;22/1/1925
75;NAILMA M O;FRANCISCO;MARIA M C;F;10/4/1958;23/91/2014
76;JOAO;MESSIAS F T;BLANNE JANQARIOXSVIER;M;24/10/1069;10/6/1975
77;LUANA SANTOS PEREIRA;FRANCISCO SILVA PEREIRA;LUCINAIDE SANTOS SILVA;F;5/6/9108;11/8/9063
78;MARIA TEIXEIRA FILHO;GILAILSON ROCHA FILHO;MARIA TEIXEIRA GOMES;F;2/14/2084;03/12/1614
79;PAULO FARIAS ROCHA;JOSE PASSO ROCHA;MARIA FARIAS CRISTINA;M;20/4/1969;18/52/2007
80;MICHEL CONCEICAO CHAGAS;FRANUISCOSILVA CHAGAS;MARIA CONCEICAO NASCIMENTO;M;16/6/1906;9/5/2002
81;EDERVANIA JESUS BARBOSA;FRANCISCO BARROS BARBOSA;BEATRIZ J S;F;3/2/1826;14/12/0279
82;ANTONIO S M;FRANCISCO JOSE MATIAS;ANTONIA SILVA ALVES;M;8/4/2978;24/71/2098
83;MARIA ALBUQUERQUE NETO;FRANCISCO PN;ELZIRENE ALBUQUERQUE FELIX;F;27/7/1061;20/6/2424
84;FRANCISCA BARBOSA OLIVEIRA;CARLOS RODRIGUES OLIVEIRA;ANTONIA BARBOSA PINHEIRO;F;20/21/2040;28/5/2514
85;EDILSON QUEIROZ RODRIGUES;JOAO BEZERRA RODRIGUES;MARIA;M;19/6/1930;2/9/1291
86;RONALD VIANA GONZAGA;ANDRE SANTOS GONZAGA;MVRIC VIANB SILVA;M;20/4/1985;21/4/1993
87;ERISSON M F;RAIMUNDO BARBOSA FERREIRA;MARIA MATOS EUNICE;M;22/70/1911;86/2/1992
88;THAIANE;FRANCISCK ALNZQUERQUE LRMA;MARIA NAZARE PEREIRA;F;7/9/1946;0/6/1968
89;ALISON SANTOS TAVARES;MANOEL MARTINS TAVARES;MARIA;M;23/9/1976;25/9/2012
90;LEVI BRITO SILVA;MARVUS LOUREIRO SILDA;ANALY BRITO SOUSA;M;11/9/1944;17/3/1968
91;MARIA SILVA TEIXEIRA;JOSE ARAUJO TEIXEIRA;ANTONIA SILVA COSTA;F;25/3/6955;18/40/3985
92;MARIA;PAULO BRUNO FILHO;MARIA OLIVEIRA SANTOS;F;27/9/2006;21/12/2018
93;MARIA P B;JOSE MAXIMUS BARROS;JENIFER PRAZERES MAGALHAES;F;19/9/1949;20/9/2006
94;MARIA AZEVEDO NASCIMENTO;JOSE SILVA NASCIMENTO;LUANA AZEVEDO LUCIA;F;9/10/1954;4/5/1988
95;JAMFELZEUSA RAIMUNDO;ANTGNIO MR;FRANCISCA NEUSA OLIVEIRA;M;22/6/1985;6/19/2018
96;DOUGLAS ABREU FILHO;ANTONIO;MARIA A P;M;25/7/1356;2/2/6472
97;VIVIANE TELES FILHO;JOSE SERAFIM FILHO;MARGARIDA TELES NASCIMENTO;F;32/4/1999;3/1/2770
98;FRANCISCO MARQUES FERREIRA;AGNALDO;MARIA MARQUES CAMPOS;M;8/8/1328;20/5/2857
99;MIRIAN J P;JOAO PINHEIRO PITANGA;MARIA JULIA SILVA;F;79/9/1946;14/6/1990
100;REYNATO SANTOS FELICIO;MANOEL RODRIGUES FELICIO;EUNICE S O;M;1/6/1598;17/1/2006
101;GLERICTON;DANILO MELO AZEVEDO;ANTONIA S M;M;43/9/7010;11/5/7817
102;ALEXSANDRO RODRIGUES GOMES;JOOO SOBRINHO GOIEO;YOLANDA R P;F;22/10/2010;7/5/2217
103;ELIZEU OLIVEIRA ANTONIO;FRANCISCO ALMEIDA ANTONIO;ZULEIDE OLIVEIRA PATRICIA;M;1/7/1921;14/5/4996
104;JOSE MARIA FIRMINO;FRANCIVCO ARAUJP FIRMINO;MARIA MARIA MACJEL;M;10/5/1955;16/6/1980
105;NADRA NSKG SILZA;ADRIANO Q S;FRANCISCA NETA ANDRADE;F;12/8/1985;9/4/2006
106;MARIA;VICENTE NUNES ALMEIDA;EDLAZANIA ESTEVBORIBEIRO;F;24/5/9001;37/7/2011
107;ALBERTINA SANTOS SILVA;JOSE SXLES SPLVA;CICERA SANTOS SILVA;F;12/2/5970;2/10/2011
108;MARIA COSTA MOURA;RAIMUNDO SOUSA MOURA;NATERCIA C F;F;24/6/7984;71/12/2000
109;FERNANDA MARTINS REIS;ANTONIO RAIMUNDO REIS;MARIA MARTINS EDITE;F;6/4/9981;29/8/1967
110;CRISLYAN LIMA SAMPAIO;FQAUCISCO ALEXANDVE SAMPAIO;NASARE;F;17/7/2008;22/8/2012
111;SOPHIA SOUSA LIMA;FRANCISCO PINHEIRO LIMA;OBERLINDA SOUSA SILVA;F;12/20/1856;26/11/1990
112;SUELI;JOSE SILVA SOUSA;JOHEFCSIARES TEKOTEO;F;8/8/1036;75/4/1546
113;ADAIL MOTA ODISIO;CICERO SOUZA ODISIO;MARIA MOTA PAIVA;M;26/5/1967;21/6/1948
114;MARIA G F;FRANCISCO LIMA FILHO;MARIA GARRIDO SILVA;F;2/0/1940;54/5/1995
115;FRANCINEIDE SILVA FERREIRA;ANDERSON P F;OLINDINA SILVA MOTA;F;7/2/2402;18/9/2013
116;DAVI;RAIMUNDO SILVA CARVALHO;ISABELE;M;26/8/5709;7/86/2918
117;GABRIELLA PEREIRA SILVA;ALMIR M S;FRVNCISCA PEREIRA FATMMA;F;26/8/2001;9/11/3205
118;CAKOMAOAMELFO LJTOS;ANTONIO SANTANA LEMOS;MARIA;F;24/6/2700;83/11/2017
119;FRANCISCA MELO SOUSA;FRANCISCO BARROS SOUSA;CLEONICE MELO CONSOLATA;F;14/7/1986;9/8/2082
120;FRANCISCO S R;JOAO GADELHA RODRIGUES;MARIA SILVA LIMA;M;23/8/1959;26/9/7018
121;MARIA BRUNO CALIXTO;NOBERTO ALBUQUERQUECALIXTO;MAMIA;F;24/2/0963;2/6/1574
122;LUIZ MARIA ALVES;JOAO SILVA ALVES;JOSEFA MARIA SILVA;M;18/8/1317;7/1/1996
123;EDSON R N;JAIR GOMES NASCIMENTO;MARIA RODRIGUES GRACAS;M;17/0/1460;27/6/1983
124;MARCIO ADRIANA VICTOR;JOSE M V;MARIA A D;M;22/2/1046;90/4/2008
125;MARIA S C;JSHE HILVACPXMO;ROSA SANTOS ALVES;F;18/3/4945;37/6/1909
126;FRANCISCA ARAUJO ABREU;THIAGU SANTOS ABREU;MARIA A P;F;11/6/2012;31/16/2017
127;MARCVS;GILSON L V;ALZILA SOUSA RICTRDO;M;3/8/1978;17/12/2782
128;GEOVANNE ALVES SILVA;RFIMUNDO SILVA YILVA;MARIA ALVES FEITOSA;M;57/4/0674;17/6/2003
129;GERMANO SIDVNEEIBERTO;ANTONIO;JOSEFA SILVA COSTA;M;19/2/2012;19/11/2811
130;RAIANE SILVA SOUSA;RAIMUNDO SOUSA SILVA;SILVIA SILVA DUARTE;F;6/11/1939;72/2/1770
131;GABRIEL SANTOS ANANIAS;FRANCISCO SOUZA ANANIAS;FRANCISCA;M;0/6/2236;12/11/2016
132;EMANUELA OLIVEIRA SOUSA;RAIMUNDO A S;MARIA OLIVEIRA FRANCA;F;06/8/1789;21/7/1977
133;JENIFER DIAS PEREIRA;EXPEDITO CRUZ PEREIRA;CARLA DIAS ARAUJO;F;18/6/1951;3/1/1683
134;FRABCISCA CONCEICAO EDUDRDZ;ANTONIO OLIVEIRA EDUARDO;MARIA AONNEMCNO CELIA;F;7/7/2701;4/8/2615
135;MPRIA FEJREIRA SILVA;MARCOS SOBRINHO SILVA;DANIELA F R;F;9/3/1568;5/4/5951
136;VALDENIR B S;PEDRO A S;VERA BARROSOYTNTVS;M;17/6/1998;7/16/2011
137;EDSOW MARTFNSSILVA;HILTON SILVA MARTINS;POROTEIY;M;16/4/1623;14/4/2101
138;KARLIANE;PAULO;ROSA FREITAS MENDES;F;30/7/1956;6/8/1970
139;FRANCISCO;AMAHIL RODGIGUES HAMILTON;PAWRICIA MORAIJSOUZA;M;1/0/1936;1/12/5952
140;FRANCISCO;GERALDO BEZERRA SANTOS;MARIA FATIMA SANTOS;M;51/9/1945;13/6/1673
141;MONALISA FERRESRA LIMA;CARLOS V L;MARBA F R;F;4/1/1980;05/3/1944
142;ADRIANO MARIA MYPSIAS;EDMILSON R M;ANA MARIA SILVA;M;9/1/7976;89/8/1964
143;ANE SOUSA SOUZA;AUGUSTO SOUZA SOUZA;MARIA S A;F;24/5/2203;4/2/8015
144;BRUNA MELO PEREIRA;FRANCISCO A P;SELMA MELO OLIVEIRA;F;13/6/1904;3/4/2913
145;LIVIA NASCIMENTO SILVA;EDILBERTO SOUSA SILVA;MARIA;F;12/2/1255;9/5/1996
146;MARIA CONCEICAO ANDRADE;EDSON F A;RAIMUNDA CONCEICAO CARNEIRO;F;19/4/2653;20/4/2018
147;AMANDA FELINTO VIEIRA;JOSE;CHEILA FELINTO SILVA;F;25/11/2514;08/12/9032
148;FRAECINILDN RIBEIRO SILVA;JOSE;QUEWUBINA;M;9/3/1943;22/2/1920
149;ALIRIA;ANTONIO NASCIMENTO LINHARES;HELIDA;F;21/7/1852;7/6/2015
150;MARIA CHARLENES MARQUES;ANTONIO SOUSA MARQUES;MARIA CHARLENES NONATA;F;24/8/2000;21/10/2016
151;PAULO ESTEVAM NOGUEIRA;JOSE CARVALHO NOGUEIRA;LUIZA;M;89/3/1936;16/2/2007
152;JULIANA BEZERRA CELESTINO;NAPOLEAO;MARIA BETERRA LIMA;F;1/9/1968;7/0/2500
153;MATEUS AQAUJO EVERALDO;NELSON;ROSUMIRB;M;23/1/1976;8/3/2017
154;MARIA;RAIMUNDO LIMA OLIVEIRA;ROZILANE MORAES OLIVEIRA;F;24/8/1989;9/1/1992
155;KARLM TEOIILO NETO;CICERO;MARIA TEOFILO MARIA;F;18/3/2010;5/3/2014
156;CARLFS;WALDEMAR;MARIA M G;M;3/3/1058;8/10/2210
157;DENNYS SILVA TEIXEIRA;EDIVALDO COSTA TEIXEIRA;RAQUWL SILVA BSTISTA;M;12/7/1988;27/5/2013
158;FRANCISCO;ORANCISCO OLIVEIRA SILVA;MARIA S D;M;4/2/1636;82/5/4184
159;ISABEL O A;DINISIO SANTOS ABREU;MARIA OLIVEIRA SANTOS;F;29/2/2402;8/10/2019
160;CEILIA ALVES JULIO;HEVERALDO NASCIMENTO JULIO;MARIA;F;5/1/1945;14/9/2082
161;MARIA SALES SANTOS;SAMUEL SILVA SANTOS;MARIA SALES SILVA;F;06/7/1997;10/4/2213
162;ISAAC F A;FRARCISCO S A;MARIA;M;0/2/2014;1/1/2048
163;MARCELO JESUS BRAGA;JOSE ALENCAR BRAGA;FRANCISCA JESUS VIEIRA;M;89/7/2011;53/9/2017
164;FRANCISTE;JOAQUIM BARROS ARNAUD;OLINDINA SILVA EDINEIA;M;61/8/1107;14/9/4546
165;ANA H G;EUCLIDES MACEDO GOMES;MARIA H B;F;42/9/1942;34/4/1961
166;FRALIISCO PAULAMARIA;FRVNCISGORODXIFUES MARIA;ELIANE PAULA ZIMA;M;39/9/1935;7/7/1951
167;WANDERSON CARDOSO AGUIAR;JOSE SILVA AGUIAR;FRANCISCA CARDOSO RAMOS;M;12/9/2064;30/7/2018
168;BENEDITO ARAUJO FELIX;JOSE LIMA FELIX;MATIA ARAUJOALGES;M;25/9/2001;22/12/2012
169;ARIELA B C;JOAQUIM CARLOS COSTA;REGINA BARROS SILVA;F;21/5/1968;92/9/1472
170;MARIA BARROS SOUSA;EDMILSON SILVA SOUSA;MARIA BARROS VIDAL;F;74/3/6985;21/7/2011
171;JULIANA;FRANCISCO LUIZ ARAUJO;MARIA ZLIVEIRA OLIVEERA;F;21/6/4999;06/8/2513
172;EMERSON CECILIA CORREIA;FRANCISCO;ROSILENE CECILIA LOPES;M;21/5/9777;12/7/2019
173;FRANCISCO ELOI NASCIMENTO;FRANCISCO SANTOS NASCIMENTO;ELISETE ELOI PEREIRA;M;81/11/1975;26/1/2795
174;JOAO RAQUEL SILVA;EMERSON NONATO SILVA;BENEDITA RAQUEL PEREIRA;M;25/9/1989;29/1/9000
175;JESSICA BARROS GOMES;JOSE CARVALHO GOMES;IZABEL BARROS FATIMA;F;82/6/8986;55/6/2003
176;JANATALIA;ANTONIO SILVA NETO;ANTONIA VIEIRA JESUS;F;73/5/2810;24/5/2019
177;ZENILDA MARAMBIO SILVA;GILBERTO SOBRINHO SILVA;MARIA MARAMBIO SILVA;F;24/8/1948;25/7/5006
178;LEANDRA OLIVEIRA RODRIGUES;FRANCISCO BARBOZA RODRIGUES;MARIA OLIVEIRA CHAGAS;F;28/3/1960;58/7/1579
179;KLANCISCO SD;MARCUS VIEIRA DIONISIO;MARIA;M;20/5/1939;17/3/8206
180;GABRIELA CEU SILVA;JOSE;MARTA CEU BARROSO;F;62/5/9996;10/5/8016
181;FRANCISCO NASCIMENTO VASCONCELOS;JOSIAS FELICIO VASCONCELOS;VANILENE NASCIMENTO SOUSA;M;7/5/1924;13/6/1976
182;LKONNARDO LEANDRO YUNES;FRANCISCO PEREIRA NUNES;JOANITA LEANDRO SILVA;M;14/6/1941;38/4/1949
183;OBINEUDA P C;JOSE;MARIA PAULA LIMA;F;5/3/1993;19/9/2005
184;TAMIRES RIBJRRO LIMA;LUIZ;MARIA R N;F;8/9/1952;4/1/8964
185;IZAWUIELPEREIRA OLIVPIHA;APMONIO SILVA OLIVEIRZ;LUZIA PEREIRA TEIXEIRA;M;3/9/1477;12/4/1892
186;CQQLOS;FRANCISCO PENHA ANTONIO;MARIA MARTINS RABELO;M;5/8/1948;29/5/5965
187;JESSICA;MAROLDO GUIA BARBOSA;JOSEANE O B;F;06/3/5949;63/4/2015
188;FRANCISCO NERES PAULO;RODOLFO L P;MARIA N L;M;17/7/1959;21/10/1971
189;ANTONIO LIMA MARQUES;FRANCISCO SILVA MARQUES;MARIA LIMA SOUSA;M;47/2/6971;92/5/2091
190;PATRICEA MORAESGOMES;EMILIO PONTES GOMES;MARIA MORAES MARQUES;F;9/11/1968;8/21/9006
191;RAIMUNDO MARIA LIMA;VICENTE JESUS LIMA;MARIP;M;21/6/2008;28/11/2472
192;JOELVI S L;BETIB V L;JOANA SILVA LIMA;M;23/2/1979;1/5/7977
193;ANNA B C;FRANCISCO SERGIO CARLOS;FRANSQUINHA BARROS SANTOS;F;19/3/2008;18/7/2914
194;LUIS F P;FRANCISCO;MARIA FERREIRA FERNANDES;M;13/5/1991;10/1/2008
195;DIONILO ALMEIDA PEDRO;OSMAR MORAIS PEDRO;EXSNDITA PLMEIDA SOUZA;M;10/11/8642;3/9/2012
196;ANTONIO RODRIGUES SALES;CARLOS SOUSA SALES;MARIA BODRIPUES MOURA;M;28/3/1995;20/2/7900
197;SLVIS NASCIMEATO ANTONIO;GILDEMAR MESQUITA ANTONIO;RAQUEL NASCIMENTO BARROSO;M;12/1/2004;1/2/2019
198;CARLOS NOGUEIRA PAZ;FRANCINCO SOUSA PAZ;FRANCISCA NOGUEIRA OLIVEIRA;M;98/1/1937;4/4/1956
199;FELIPE O A;JOHNATAN VICENTE ALMEIDA;MARIA O S;M;23/9/4951;29/3/1935
200;FRANCISCO;JISE O C;ANTNNIA LIDIANEZULEEE;M;74/3/1962;2/12/2017
201;MRRIA S A;JOKO NAWEZMENYO ARAGAO;VALDIZA S C;F;29/1/1998;29/0/2005
202;FRANCISCO SOUSA RUFINO;ANTONIO SILVA RUFINO;SANTANA SOUSA JESUS;M;21/7/1968;15/3/2012
203;EDNILCE BARBOSA RUFINO;JOAO CARLOS RUFINO;ANTONIAB S;M;1/2/1981;37/1/2409
204;HELEIANE PEREIRA FEITOSA;JOAO COSTA FEITOSA;YARIR;F;06/9/6863;97/5/2019
205;JUNAS SABTOS BUTISTA;JOSE MOREIRA BATISTA;MARFA S S;M;17/2/1989;3/9/2006
206;MARIA C A;MIGUEL MENDES ALMEIDA;MARIA C F;F;26/1/1942;4/6/1969
207;PECILIAS T;EDVALDO JOSE TRAJANO;HANA S S;F;3/7/1654;19/8/5982
208;SOPHIA DUARTE FERREIRA;FRANCISCO ELIAS FERREIRA;PATRICIA D F;M;27/11/1989;24/8/6009
209;DULCILENE;NILSON;MARIA SOUSA ABREU;F;29/1/6941;23/6/9956
210;TATIELE ALENCAR SANTOS;RICARDO SOUSA SANTOS;EDNEUDA ALENCAR IRINEIDE;F;7/8/1397;78/2/2011
211;TATIANA BARBOSA RAFAEL;DIMAS AIRTO RAFAEL;MARIA BARBOSA NASCIMENTO;F;27/7/1979;16/2/2019
212;MARIA R M;RAIMUNDO SOUZA MELO;ZULMIRA RODRIGUES OLIVEIRA;F;28/17/1346;20/4/1972
213;JOSP;OSVALDO SIVA EDUARDO;IAANILEA;M;9/4/1944;29/7/4967
214;ANTONIO V L;ERASMO SILVA LIMH;MARIA VIEIRA NASCIMENTO;M;8/4/1940;20/9/1996
215;MARIA ESTEVAM SILVA;EDNARDO R S;MAVIA E M;F;6/10/1982;11/7/1072
216;ANA;LUIZ A M;MARLUCE CAETANO OLIVEIRA;F;45/7/1973;15/8/2710
217;BRUNA;JOAO;MARIA GOMES LUCIDIA;F;16/2/1905;11/7/1969
218;LAISSA OLIVEIRA NUNES;PEDRO SILVA NUNES;MARINEUDA OLIVEIRA ALMEIDA;F;30/0/1986;21/1/2836
219;EVELINA P F;LUIZ N F;MARIA;F;39/5/1940;27/1/2008
220;JACINTA ROSA LEAL;MAXIMO COSTA LEAL;LENICE ROSA HOLANDA;F;1/10/2006;22/3/3018
221;ANDREIA FERREIRA ANTONIO;FRANCISCO H A;FRANCISCA;F;19/5/1957;21/5/9358
222;LETICIA FERREIRA ANJOS;JOSE COSTA ANJOS;ANTONIA FERREIRA FRANCISCA;M;12/3/1999;13/0/2006
223;FRANCISCO OLIVEIRA SILVA;MARIO P S;ROZENI OLIVEIRA LIMA;M;12/7/8209;2/3/1015
224;ERICA ARRUDATEQXEIVA;AITAMCRAUDO MARQSES TEIXEIRA;MARIA ARRUDA SILVA;F;7/1/4942;31/12/1939
225;HELLEN JEUS MOREIRA;FRANAISCO L M;ADRIANA J S;F;84/7/1083;16/8/2290
226;BENEDITA;RAIMUNDO SILVA SALVINO;MARIA;F;52/3/5987;3/5/2009
227;FRANCISCO;MARCO SIQUEIRA CHAGAS;LUZIA;M;2/9/1958;19/10/8000
228;JOSE PINTO SOUSA;ANTONIO ANDRE SOUSA;MARIA PINTO SOUZA;M;26/7/1936;73/1/8978
229;RICARDINO A A;JOSE S A;VALTCRINA A F;M;5/7/1435;28/1/1194
230;MARIA S P;JOSE CRUZ PINGEIRB;MARIA SILVA BEZERRA;F;2/4/2062;11/7/2714
231;VERONICA ALBUQUERQUE SOUSA;EDMILSON FREITAS SOUSA;GILMARA SLBUQUERQUE SILVA;F;2/10/1263;1/10/2056
232;KELLINGTON SSUSX LUNIT;JOSE LIMA LUCIO;MARCELA SOUSA COSTA;M;27/7/8914;1/7/1293
233;CINTIA ARAUJO SANTOS;MANOEL A S;ANTONIA ARAUJO SOUZA;F;2/3/1991;5/8/1985
234;JORGE NASCIMENTO ALVES;JSONAFA;MARIA NASCIMENTO ALVES;M;22/10/4983;29/9/2006
235;GEVANILDO SILVA MARIA;MANOEL ARAUJO MARIA;RAIMUNDA SILIA CEDILIA;M;10/7/2013;14/2/9017
236;MARIA MARIA SOUSA;JOSE CAETANO SOUSA;MAQIA MARIA SILVA;F;13/6/8003;02/8/2017
237;DANLELS;LUIZ CHAGAS ESTEVAM;TEREZA SILVA MENDONCA;F;7/6/1913;8/8/1922
238;FRANCISCA NNSCIMEBTO LIKA;TARCISIO SOUSA LIMA;ELIETE NASCIMENTO SILVA;F;65/4/6682;17/6/2016
239;ELDON MARIA COSTA;ANTONIOS C;MARCILENE MARIA FURTADO;M;26/84/2009;14/8/4218
240;MARIA;RAIMUNDO;LARISSA PAUNO SILVA;F;82/1/6012;3/3/2007
