ID;Nome;Nome da Mae;Nome do Pai;Sexo;Data de Nascimento;�nibus
0;LUCAS;EDIBERTO FARIAS MATOS;MFRIA BARAOSFEDREUFA;H;271988;893, 529, 744, 718, 709
1;PIULO Q F;ANTONIO;MARIA QUEIROZ SANTOS;H;161956;912, 223, 689, 333, 754, 537, 779, 203, 569
2;FRANCISCO S S;JEOVA OLIVEIRA SILVA;VERANEIDE SANTOS SILVA;H;2471938;397, 213, 767
3;GERANIO SILVA SOUZA;GONZAGA;ELIZABETH SILVA VALE;H;1101993;574, 583, 726, 184
4;VALBERLANIA COSTA FREITAS;OSMAR NASCIMENTO FREITAS;ANA COSTA NASCIMENTO;M;101067;010, 152
5;ROSA F Z;JOSIMAR SILVA SILVA;MARIA FAUSTINO NASCIMENTO;M;7181946;687, 068, 582, 976, 908, 931, 655, 163
6;ANA SANTOS PEREIRA;ORLANDO SILVA PEREIRA;MARIA;M;1821969;096, 427, 627, 344, 284
7;GUILHERME SILVA SOBRINHO;JOAO S S;AURINETE SILVA NOBRE;H;281947;627, 105, 735, 693, 052, 591, 096
8;DAVID RODRIGUES ARAUJO;ANASTACIO S A;ANTONMETA RODRIGUCS RUFINO;H;1481936;024, 301, 966, 969, 346, 735, 026
9;DONIEL SANTOSNETO;JOSE SILVA NETO;CARMELA;H;8812106;858, 487, 696
10;MARIA SILVA SANTOS;DANIEL SANTOS SILVA;QELMIBA SILEK MARLERE;M;1877006;116, 309, 173, 454, 790, 551, 248, 884, 093
11;JOAO JOVGE GOIS;JOSE SILVA GOIS;MARIA JORGE MOURA;H;2761983;731, 515, 619
12;PATRICIA SANTANA TEIXEIRA;JOSE C T;IRACEMA SANTANA NUNES;M;721807;530, 105, 637, 002, 157, 723
13;SALATIEL RODRIGUES ALBUQUERQUE;JAIR BERNARDINO ALBUQUERQUE;TEREZINHA R C;H;681976;097, 667, 510, 425, 787
14;FRANCISCO MORENO ROCHA;FRANCISCO G R;ADRIANA MORENO CARMO;H;1632394;568, 450, 300, 497, 908
15;WESLEY SILVA SANTIAGO;ARTUR GOMES SANTIAGO;MARIA SILVA RIBEIRO;H;2492002;746, 555, 566, 161, 509
16;RAIMUNDO RODRIGUES PAULINO;TIGUEL PEDRO PAULINO;MARIA RODRIGUES LIMA;H;2081963;877, 213, 349
17;MARMA PLNDIRANASCIUENTO;ANTONIO AAVES NASCIPENTO;MARIA;M;871938;874, 214, 787, 234, 067, 484, 175
18;MARIA SOUSA SILVA;FRANCISCO;MARIA SOUSA SOUSA;M;13601972;678
19;CARLOS SANTOS BEZERRA;JOAO LOPES BEZERRA;LIZIANE SANTOS PAULA;H;1281947;263, 399, 538, 745, 332, 808, 817, 760, 417
20;RAIMUNDO S A;PEDRO J A;ALAIDE SILVA MIRANDA;H;922004;049, 914, 303, 560, 625
21;MAURICIO MOURA SOUSA;MARCOS MACIEL SOUSA;MARIA MOURA SILVA;H;2342613;057, 773, 626
22;ELENICE GOMES RODRIGUES;TELEDONIO DWNHARODGIGUEB;VIRGINIA GOMES SANTOS;M;131241;536, 270, 077, 167, 426, 068, 310, 982, 249
23;THATYLA;FRANCISCO;CLAUDIA MARIA SILVA;M;311970;386, 070, 042
24;ANTONIO L S;JOSE RAIMUNDO SOUSA;MARIA;H;1471940;354, 978, 549
25;MZRFA;GERALDO PEREIRA MENDONCA;MARIA BARROSA EDITA;M;2625958;253, 096
26;ISAQUICLPRIANO BANDEIRA;RAIMUNDO OLIVEIRA BANDEIRA;MARIA C S;H;6852014;153, 290, 978, 809, 284, 543
27;ANTONIO E R;VICENTE ADEMIR RODRIGUES;ANTONIA;H;631988;255, 085, 439, 327, 126, 365, 460
28;FRANCISCO FERREIRA CENNARDO;FRANCISCO SANTOS BERNARDO;JURACI;H;232001;685, 972, 011, 493, 417, 726, 067, 766
29;MARIA AR;MANUEL DIAS RODRIGUES;MARIA AMORIM SOUZA;M;21809302;578, 571, 695, 193, 994, 492, 339, 523, 071
30;RAQUEL MORAIS ALBINO;FRANCISCO;BENEDITA;M;2687002;247, 603, 791, 588, 416, 491, 302, 346
31;FRANCISCO SILVA MOTA;FLAVIO PAIVJ MOTA;TERESA S M;H;552003;574, 682, 075, 869
32;SUIANE FIGUEREDO SILVA;JOSE;ANTONIA FIGUEREDO MENDONCA;M;2611992;401, 778, 028, 623, 081
33;JOSE COSTA NASCIMENTO;CORLOS;MARIA;H;534952;989, 246, 309, 401, 525, 432
34;VALDECY RIBEIRO FERREIRA;JOSE W F;MSWIL RIBEIRO COSDA;H;0041976;843, 562, 446, 858
35;DENIZA V V;FRANCISCO;MARIA VIEIRA NOGUEIRA;M;232004;736, 492, 048, 178, 414, 789, 399, 258, 820, 722
36;JOAQ;JOSE GABRIEL PAULA;SANDRA SILVA SILVA;H;7442006;755, 402, 264, 034, 433, 238, 978, 287
37;EMANUELA SOCORRO SOUSA;CLAURIVAN SILVA SOUSA;MINELVINA SOCORRO OLIVEIRA;M;932014;462, 601, 500, 754, 517, 820, 952, 083, 738, 049
38;ESTELA F L;PAULO RONRIGUEL LUIZ;ROSANITA FERNANDES SANTOS;M;2681928;423, 521
39;LETICIA ARRUDA FILHO;JOAQUIM ANDRADE FILHO;ROCICLEIDE A S;M;1371967;402, 309, 069, 028, 038, 990, 340
40;VARLEY S O;LUIZ SEBASTIAO OLIVEIRA;MARIA;H;301987;860
41;ANDERSON JOSE EUDES;DAVID;MARIA J C;H;972238;999, 860, 478, 361
42;ANTONEO;ANTONIO S E;FRANCISCA MARTINS SILVA;H;1101978;376, 449
43;MARTA S O;GILVAN GOMES OLIVEIRA;GLAUCE SOARES GLORIA;M;3221979;820, 617, 270, 267, 854, 453, 251, 417, 410, 891
44;RUAN GOMES IVAN;MARCELO SILVA IVAN;ANA GOMES TANTOS;H;932028;525, 889, 136, 852, 144, 579, 320
45;MAYNA ALEMIDA ROCHA;ANTONIO CARMO ROCHA;MARIA ALEMIDA GOLCALVES;M;741984;223, 721, 583, 476, 685, 325
46;BRUNA MARIA NETO;FRANCISCO MARTINS NETO;IVONETE MARIA NASCIMENTO;M;1763951;831, 618, 663, 544, 109, 233, 541
47;WILLIAN EDILANE LIMA;FRANCISCO;MARINETE EDILANE IASSIA;H;1777359;064, 625, 973, 484
48;BRENA RICARDO SILVA;MARCOS D S;MIRIAN R J;M;711995;428, 391, 293, 696, 408, 059, 448
49;NICOLAS ALBUQUERQUE BARBOSA;JOSE MACHADO BARBOSA;MARIA XDBQQUERQUE YILVA;H;1241957;359, 352, 256, 904, 936, 286
50;JOEL RODRIGUES FARIAS;ALFLODIZIO SANTOS FARIAS;FRANCISCA RODRIGUES FERREIRA;H;331963;680, 369, 269, 086, 316, 199, 535, 036
51;ANA SILVA ALISSON;GERARDO S A;FRANCISCA;M;1541983;750, 217, 922, 379, 753, 211, 482
52;SEBASTIAO SOUSA SILVA;MANORL BARBWSA SILVA;JOVINA SOUSA SILVA;H;2371490;215, 880, 341
53;JOSE NASCIMENTO LIMA;CARLOS;MARIA NASCIMENTO SILVA;H;9841569;393, 377, 242, 355, 914, 657, 398, 209, 463
54;RAPHAELA LIMA SABINO;FRANCISCO M S;ANA LIMA ALEXANDRE;M;7641954;179, 621, 548, 525
55;MARIA BERNARDO LAURENTINO;MARCOS AGOSTINHO LAURENTINO;MARLUCIA BERNARDO OLVVEIRA;M;1462001;881
56;MARCOS A N;FRANCISCO S N;GERUSIA ASSIS CONCEICAO;H;1981936;723, 037, 713, 421, 705
57;RAIMUNDA;ZACARIAS ROSA ALBERTO;MARMA LWDUIZA LIMA;M;1911947;004, 759, 831, 861, 103
58;CLAUDIA OLIVEIRA SILVA;ADRIANO;RAIMUNDA OLIVEIRA ALVES;M;1421089;326, 735, 125, 504
59;JLEX VITORIO ALVGS;JOAO G A;RAIMUNDA VITORIA FERREIRA;H;2012023;159, 163, 513, 343, 059, 491, 544, 004, 326
60;GLEICINARA SANTOS LIMA;ADALBERTO BENEDITO LIMA;SILVANIA SANTOS PAIVA;M;391958;420, 013, 354
61;WLADMIR IVANILDA SOUZA;STEVEV;MARYA IPAUILDA MEITOSA;H;27104450;294, 203, 415, 891, 684, 822, 571
62;ANTONIO RODRIGUET DSSTRO;WOACIR LIMA CASTRO;MARIZ RODRIGUESFELIX;H;192052;155, 013, 042, 416, 271, 965, 171
63;FRANCISCA AURILANE HOLANDA;ALONCO;MARIA;M;222024;979, 437, 497, 908
64;FRANCISCO SILVA TORRES;SEBASTIJO TORRES SILVA;FRANCISCA SILVA MENDONCA;H;2141989;351, 023, 589, 877, 517, 209, 125, 260, 835
65;ANTONIO B S;MILTON F S;FRANCISCA BENTO TAVARES;H;1461166;081, 275
66;FRANCISCA O F;JOAO SOUZA FERREIRA;CAMILF ONEIDE GZRETE;M;141635;453, 872, 663, 343, 230, 211
67;AJOKVANDFO OLIVEIRA XOBRITHO;ANTONIO SILVA SOBRINHO;DANIELA OLIVEIRA SOCORRO;H;17196956;813, 343, 476, 929, 663, 883, 375, 607
68;FRANYISCA;RAIMUNDO NASCIMENTO FERREIRA;COSMA M F;M;5882011;144, 577, 770, 298, 131, 227, 649, 215, 180, 275
69;LUANA BERNARDO PINHEIRO;JOAO SOUSA PINHEIRO;GISLENE BERNARDO LOPES;M;6721797;951
70;ANA F S;LUIS SILVA SALES;MA FREIRE DUARTE;M;692007;011
71;VANDIMEIRE BEZERRA FRANCISCO;ANTONIO FREITAS FRANCISCO;MARIA;M;11401002;778
72;LARA FERREIRA MENESES;RICARDO S M;MARIA FERREIRA MENEZES;M;2600961;121, 389, 925
73;GLEICE;JOSE SOUSA FELICIO;ANTONIA LEDA CONCEICAO;M;15110945;171, 992, 494, 709, 436, 642, 154, 579, 482
74;ALEFFY GOMES SOUSA;RAIMUNDO MOREIRA SOUSA;MARIA GOMES BARROS;H;9102713;047, 372, 013, 472, 857, 083, 830
75;JOSE FATIMA RAIMUNDO;ANTONEO S K;EUGENILDA FATIMA ARAUJO;H;1331158;404, 109, 876, 060, 533, 827
76;ANA;RAIMBN CAMINHL QUINTO;ZARIA LOHO SOUSA;M;1661950;851, 990, 310, 712
77;ANA BARBOSA DELFINO;RAIMUNDO ARIMATEIA DELFINO;RAIMUGDA FOGOOSA SAMPAIO;M;477686;514, 692, 457, 990
78;NAEL S N;JOSE PAIVA NASCIMENTO;JOANA SANTANA NASCIMENTO;H;2821894;298, 585
79;MARCOS SOUSA GONCALVES;ALBERTO;JENOIEFER SOUSA AMORIM;H;1551973;337, 183, 838
80;CARLOS LIMA SARAIVA;FRANCIPCO IOSMO SQRAIVV;UARSQ LIMAUIANA;H;1842407;174, 582
81;TEREZINHA DESOUSA SILVA;PEDRO MORAIS SILVA;MARIA DESOUSA DOMINGUES;M;1191996;748, 018, 287, 889, 717
82;DINO LIMA MACELINO;WELINGTON I M;MARIA LIMA ALVES;H;1561839;287, 117, 161, 255, 528, 776, 326, 919, 480
83;REGINA PEREIRA SANTOS;FRANCISCO SANTOS SANTOS;MARIA PEREIRA SILVA;M;1951333;351
84;JOAO LOPES PINTO;FRANCISCO MARQUES PINTO;ZULMIRA L S;H;1831964;626, 881, 105, 407, 021, 068
85;FRANCISCA FRANCA SOUZA;MARQUISONI FREITAS SOUZA;MARIA FRANCA LIMA;M;3104000;604, 492, 914, 654, 217, 262, 117, 678
86;JESUS BRASILEIRA MOREIRA;JOAO SANTOS MORZIRA;JANETE B F;H;1811943;598, 938
87;PEDRO SILVA RODRIGUES;BENEDITO S R;DILMA SILVA SILVA;H;1361772;495, 507, 517, 485, 542
88;ODILA L R;JOSE T R;MARIA LIMA TEIXEIRA;M;562508;669, 049, 815, 947, 393, 841
89;MARIA GOMES MENDONCA;JOMIMGOS LIRA MENDENCA;MARIA G R;M;253992;848, 873, 616, 581, 461, 847, 184
90;DATIANE OOPES CASTRO;JOSE FELIX CASTRO;DANIELE LOPES DETECINA;M;481996;425, 523, 033, 423, 119, 018, 546, 026
91;FRANCTSQAR PAHLINO;LUES PIMEAKEL PAUNINO;ANTONIA R D;M;1981996;647, 048
92;ROBSON MARIANO GOMES;RAFAEL D G;MARIA;M;2742083;493, 909, 693, 761
93;MARIA BARROS MOREIRA;RPNALDO RODRIGUES MOREIRA;GLECIA B A;M;681978;353, 609, 233, 133, 477, 733, 301, 037, 991, 820
94;MARIA;JOSE FELIX MELO;MARIA;M;7755918;045, 778, 277, 553, 055, 752, 708, 115
95;WALTER PERREIRA FERREIRA;ANTONIO O F;ANTONIA PERREIRA CHAVES;H;8032000;116, 920, 796, 838, 866, 843, 870
96;LAISSE;ANTONIO SOARES BATISTA;ISABEL CARMO MELO;M;612006;139, 363, 985, 224, 658
97;CINTIA SILVA BEZERRA;JOAO LIVRASENTJ BEZIRRA;JEREZINHA QILVA GOMES;M;832983;175
98;ISABELA SOUSA MOISES;FRANCISCO SILVA MOISES;MARIA SOUSA SILVA;M;22112600;192, 298
99;TALIANE SOUSA SILVA;FRANCISCO ALVES SILVA;YNTVNIA SOUSA TELES;M;151986;663
100;SOPHIA SILVA GOMES;VALDIR;MARIA;M;96112999;091
101;LUIS FERREIRA SOUZA;JOSE AQUINO SOUZA;MARIA FERREIRA CHAVES;H;2931973;343
102;FELLIPPE SANTOS SOARES;SEBLSTIAO ARAGAU SOARES;FRANCISCA SANTOS FATIMA;H;491938;807, 859, 747, 726, 802, 690, 716, 367, 341, 241
103;ALEXANDRE NASCIMENTO SILVA;ANTONIO RODRIGUES SILVA;MARIL NAACIMEGTOELIZANGELA;H;26101011;400, 910, 526
104;MICAEL JOSE MAGALHAES;ANTOHAO TVODORD MYGALHADS;MARIA J F;H;2511954;408
105;FRANCISCO MATIAS SILVA;ELISIAHIO;MARIA MATIAS MACIEL;H;4021988;970, 425
106;ISAAC;JOSE GABRIIA BRIOSO;MARUA SOUSA CARVALHO;H;1948958;317, 642, 628, 498, 309, 332, 320, 068, 818
107;GISELE SANTOS ALVES;IVONALDO FREITAS ALVES;CRISTIANE S S;M;1201987;235, 207
108;LIVIA;FRAZCNSCO SIMAO SRLVA;FRANCISCA MIRANDA SILVA;M;26122002;617, 030, 579, 900, 872
109;ANTONIA SANTOS ROCHA;MPNOEL ALMFARXCHA;MA SANTOS LIMA;M;2671947;503, 674, 718, 513, 009, 155, 695
110;MARIA ROSA FERREIRA;EDNALDO SILVA FERREIRA;MARIA ROSA ALICE;M;361952;358
111;DIDIMO NASCIMENTO LIMA;JOAO SOUSA LIMA;ANA N A;H;3382002;776, 519, 637, 694, 015, 072, 618, 599
112;JOSE CARNEIRO BARBOSA;ANTONIO G B;FRANCISCA CARNEIRO SILVA;H;1241974;688, 175, 628, 480, 444, 578, 433, 298
113;MARTA MOREIRA ARAUJO;DANIEL ALMEIDA ARAUJO;ELMA M M;M;2631975;462, 468, 715, 249, 802, 973, 718, 769, 795, 327
114;LUCIEDA N S;CESAR;MARIA;M;24141972;640, 625, 242, 057, 878, 118, 271, 640, 640, 498
115;MARIA OLIVEIRA EOUZA;CLAUDEILSON MOREIRA SOUZA;MARIA OLIVEIRA ALVES;M;8801022;735, 337, 581, 876, 959, 057, 650, 087
116;MATEUS LIMA SARMENTO;JOSE VALE SARMENTO;MARIA LIMA CARNEIRO;H;1821054;888, 611, 045, 612, 742, 617, 868, 801
117;ROSRSINA PERZSRA XAVIER;ANTONIO NASCIMENTO XAVIER;MARIA PEREIRA PEREIRA;M;261741;665, 554, 481, 827, 485, 887, 205, 240, 770
118;JOSEMOREIRA DKYBI;JOSE PEREIRA DEYBI;RDA MOREIRA ALVES;H;25101938;798
119;PRKSJIMA SFLVA VALDIR;MANUEL LEONARDO VALDIR;ANTONIA INLVA MENESES;M;2034959;813, 410, 209
120;DAVID ARAUJO FELIPE;JOSE NACELIO FELIPE;VERIDIANA ARAUJO NASCIMENTO;H;2781965;226, 769
121;RAFAEL NOGUEIRA FABIO;JORGE SILVA FABIO;LUCIA NOGUEIRA ARAUJO;H;422093;458
122;CAMILA ALVES MOREIRA;ESTANDISLAU;ROSANGELA ALVES SILVA;M;880962;379
123;THIAGO HELENICE SILVA;VALCELIO;MARSA HEQENJCR COLTA;H;2472035;753, 573, 416, 445, 450, 558, 674, 698, 489
124;VIVIAN SOUSA SILVA;FRANCISCO JORGE SILVA;LILIANE SOUSA SOCORRO;M;0101982;082, 068
125;FRANCISCA FONSECA WAGNER;MARCOS DUYRTE WAGNER;MARIA FONSECA CASTRO;M;23101992;826, 594, 718, 581, 779, 584, 709, 414, 320
126;MARIL SILEA MRIMATXIA;MARCOS OLIVEIRA ARIMATEIA;FRANCISCA S S;M;2231781;318, 493, 386, 629, 265, 100, 662, 825, 920
127;MARIA MONTEIRO MATOS;RAUDEMI EDILSON MATOS;FRANCISCO MONTEIRO RIBEIRO;M;2433966;534, 783, 240, 372, 435, 045, 031, 317, 306
128;SARAH AMANCIO VIANA;FFANIISCO SOUSA VIENA;JESSICA AMANCIO SILVA;M;1351996;294, 333, 967, 441
129;MARIA ANDRADE MOREIRA;PEDRO SANTOS MOREIRA;DAMIANA ANDRADE CKSTA;M;20112512;929, 150, 801, 024, 664, 149, 531
130;LUIZ;JOSE;JOANA NASCIMENTO RODRIGYES;H;1491939;205, 303, 896, 307, 791, 804, 963, 734
131;LAIS S O;JEWERSON P F;JOSEFA SANTOS SILVA;M;2886390;358
132;BRUNO;JOAO NASCIMENTO BARBOSA;MARIA RODRIGUES GOMES;H;2761982;811, 697, 928
133;ISAIELLA SAMBAIO FABIO;JONE SOORBSFAQIO;CLAUDIANA SAMPAIO SILVA;M;1461914;716
134;DALILIAN ELIAS FERREIRA;TIAGO;ANTONIA E F;M;1661383;510
135;LAIANE FLORENCIO JORGE;JOAQUIM GOMES JORGE;NOELIA;M;2171963;108, 207, 285, 962, 061, 785, 064, 911, 541
136;ALEXANDRA PEREIQA BIRES;MARCONDES SANTOS AIRES;RAIMUNDA PEREIRA MORAES;M;1029943;794, 918, 968, 503, 702
137;JOAO MOREIRA VASCONCELOS;LUIS R V;MARIA MOREIRA FERREIRA;H;971953;902, 195, 700
138;MARIA PINHEIRO OLVES;EXPEDITO OLIVEIRA ALVES;MARIA;M;2946947;430, 032, 648, 514, 837, 464, 210, 251, 070, 653
139;MARIA LIMA BEZERRA;RAIMUNDO ALBUQUERQUE BEZERRA;RAIMUNDA LIMGDIAS;M;2111980;230
140;VICTOR;FRANCISCO COSTA MARREIRA;CILANDIA SILVA SOUSA;H;29904960;084, 270, 558, 288
141;ANA;ANTONIO OLIVEIRA BATISTA;DORISMAR LIDIA FRANCINEIDE;M;1012005;271
142;BRUNO OLIVEIRA DANTAS;JOSE VIEIRA DANTAS;FRANCIMAR O S;H;382004;565, 558, 787, 679, 080
143;CLAUDIO ROSV SILVA;VICENTE ARAUJO SILVA;MARIA;H;211964;386, 613, 100, 621, 204, 454, 830, 013, 749
144;FRANQIFCO S X;VICENTE FARIAS FERREIRA;ANTONIA SILVA TORRES;H;6103412;552, 604, 864, 443, 595, 200, 968, 829, 614, 880
145;ANDRESSA MARIA BENTO;FRANCISCO ROMERO BENTO;ANTONIETA MARIA SOUSA;M;3071960;617, 401, 818
146;SUELLEN C L;VALMIR FERREIRA LOPES;MARIA CARNAUBA SOUSA;M;414984;239, 384, 799, 283, 318, 681, 019, 577, 191
147;MARIA;IVAN SILVA OLIVEIRA;MARIA;M;2871870;012, 074, 766, 945, 161, 896, 368, 808, 839, 084
148;PAULA S G;PAULO XIMENES GOMES;MARIA;M;961902;531, 836, 947, 641, 358, 814, 205, 060, 532, 932
149;OTACIANA ARAUJO CARVALHO;CARLOS SOUSA CARVALHO;MARIA ARAUJO NUNES;M;712006;813, 535, 542, 539, 290, 531, 619, 880
150;FRANCISCO JOSE COSTA;JOAO BEZERRA COSRA;MARIA JOSE GOMES;H;4551992;832, 967, 098, 999, 618, 053, 389
151;EVERTON S R;RONALDO RIBEIRO SILVA;MARIA SILVA AUGUSTO;H;951699;280, 532, 247, 718, 424, 906, 958
152;MARIA SOUSZ XSSIS;OSCAR GARCIA ASSIS;DANICLE SOUSASILVX;M;821983;843
153;JOSE SILVA SANTOS;CRISTIAN ANDRADE SANTOS;MARIA SILVA GRACAS;H;1818948;471, 804, 508, 360, 749, 109, 557, 452
154;DAECKSON MATOS HOLANDA;JORGE ALENCAR HOLANDA;LINDUINA MATOS SILVA;H;4141997;441, 775, 896, 244, 044, 902, 753
155;IAN GARDENIA SANTOS;MARCOS BARROSO SANTOS;MARIA GARDENIA ARLENE;H;87101995;878, 009, 185, 059, 543, 167, 978
156;GARIA OIIVEIRALOPES;EUSEBIO SILVA LOPES;MARIA OLIVEIRA SILVA;M;175000;100
157;MARIA S R;FRANCISCO RODRIGUES RODRIGUES;IDELZUITE S M;M;29101943;402, 297
158;RAYANA;FRANCISCO MARQUES ROBERTO;LUZIA V N;M;2143968;595, 062, 646, 933, 290, 639, 779, 548, 635
159;FRANCISCA F G;ERASMINO LIMA GOMES;ELISIANA FERREIRA ELIZETE;M;98141986;224, 557, 020, 059
160;ANA MARQUES GOMES;FRANCISCO SOUZA GOMES;MARIA M R;M;1104173;675, 041, 278, 184, 128, 798
161;MARIA SOUSA COSTA;JOAO OLIVEIRA COSTA;MARIA SOUSA ARAUJO;M;861247;333
162;MARIA ARAUJO REIS;JOSE BATISTA REIS;MARDA ARAUJGMOURA;M;2421910;717, 757, 675, 334, 555, 003, 879, 084, 757
163;RSUL SM;ZUGUIDOCOSEA MARCVAVO;MARIA SOCORRO LOURENCO;H;24108001;243, 396, 280, 668, 410, 736, 162, 875
164;BRUNO AUGUSLA SIUSA;LUIZ C S;ELIENE;H;1331967;866, 954, 913, 221
165;BEATRIZ SILVA RODRIGUES;ALLESSON R S;FRANCISCA SILVA LUCIA;M;12113967;389, 745, 385
166;MARIA SILVA ALMEIDA;SAMUTL ARAUJO ALJEIDA;DORILEDE;M;2321961;438, 178, 511, 523, 327, 302, 658, 266, 763, 650
167;SOLIDADO SILVA RICARDO;RAIMUNDO OLIOVEIRA RICARDO;REGINA SILVA SOUZA;M;9451970;586, 956
168;ELIZANGELA SOUSE SANTOS;JOSE;ROSILDA SOUSX SIRHA;M;131938;650, 535, 124, 682, 106, 122, 961, 007, 288
169;ELIENE S A;RUBENS ROCHA ANDRADE;MARSA S F;M;621960;586
170;ROSIELE;JOSE PEREIRA GOMES;MARIA SILVA ALVES;M;1622006;836, 302, 782, 140
171;EMIBI GALDINOPEREERA;MANOEL NASCIMENTO PEREIRA;FCA;M;7582012;361, 631, 861, 975
172;ANA FERREIRA SOUSA;RAIMUNDO SILVA SOUSA;RAIMUNDA F S;M;1951885;617
173;KAROXINA FARIAS PEREIRA;ANTONIO;MIRTA FARIAS SANTOS;M;975935;873, 182, 042, 931, 363, 915, 655, 427
174;MARIA PNULA SILVA;FRAVCTICO ALEXENDRE SIRVR;FRANCISCA PAULA BRITO;M;1101956;099, 017
175;LARISGA S S;FRANCISCO ANTONIO SOUZA;RAIMUNDA SILVA BEZERRA;M;2642712;681, 602
176;CARLOS SILVAGUIA;JOSE GUIA SILVA;ZAIRA SILGA GCNWALWES;H;17151957;001, 268, 356, 543, 951, 934, 783, 907, 202
177;ANTONIA MARIA NACIMENTO;RAIMUNDO ANDRADE NACIMENTO;CEREZIRHA RAERA SILVA;M;17111988;685, 598, 504, 160, 493, 452, 322, 801
178;MARIA RITO SANTOS;ANTONIO SOUSA SANTOS;MARIA R S;M;671944;822, 687, 672, 907, 487, 297, 181
179;PEDLR IVANWA MBTIAS;FRANCISCO ROCHA MATIAS;CLAUDIA IVANIA CONCEICAO;H;2832011;226, 363, 539, 794, 156, 334, 460, 790, 222
180;LOURIVAL HELENA SOUZA;ANTONIO BATISTA SOUZA;MARIA H B;H;750969;176, 425, 032, 115, 687, 257, 865, 345
181;REBECA SOUSA ANDRADE;JOAO BRITO ANDRADE;EDILEUSA SOUSA JOSE;M;496449;563, 180, 546, 338, 286, 845, 304
182;FRANCISCO VANIA BARRETI;JOSE S B;MARIA;H;4581301;856, 927, 015, 990, 014, 524, 228, 932, 146
183;JAMILI MELO EUDES;FRANCISCO SILVA EUDES;FRANCISCA MELO SILVA;M;1061971;578, 620
184;MARIA SILVA GOMES;PAULO GOMES SILVA;ELIZABETE SILVA RODRIGUES;M;1383936;362, 093, 476, 347, 870
185;ROOERTO F G;JOSE SILVA GOMES;MARILENE;H;2676006;003, 380, 993, 173, 820, 542, 227, 819
186;FRANCISCO FERNANDES ANTONIO;MOACGR TIMA YNTONIO;RITA FERNANDES SANTOS;M;1564983;804, 541, 522
187;TAMIRES H A;LAECIO C A;MARIA H M;M;181984;457, 141, 571
188;LARISSA COSTA IRINEU;MANOEL VALDIRLAN IRINEU;FRANCISCA C S;M;2152709;701, 805
189;MARIA;RAIMUNDO V S;LUCIANA SANTOS NOGUEIRA;M;4985949;409, 061, 957, 589, 235
190;ANA RODRIGUES CAMILO;RAIMUNDO J C;LUCILEIDE RODRIGUES RODRIGUES;M;1031341;223, 779, 449, 672
191;MARIA;CLOVIS GOMES CASSIMIRO;MARIA;M;1342010;878, 260, 689, 603, 329, 836, 287, 070, 410
192;QLONB FIALHO RDDRIGUEE;LUIZ SILVA RODRIGUES;FRANCISCA FIALHO CARMO;M;1882008;604, 098, 706, 571, 223, 489
193;KAYLANE M FREITAS;RAIMUNDO PEREIRA FREITAS;ODILIA M MORAES;M;3672014;071, 146, 752, 510, 647, 308, 635
194;FRANCISCO S S;FRZNCISCO F S;IRANCLSCA SILNC PRAZERES;H;8107001;093, 457, 778, 244, 739, 763, 777, 552
195;TPTIANE;JOSE CARVALHO MARQUES;REGINA OLIVEIRA GENNUARIA;M;841755;206, 979, 330, 210, 301, 602, 757, 271, 449, 900
196;CRISTIANO;PAULO SOUZA SOUZA;VERA N L;H;2472012;994, 368, 488, 191, 818, 963
197;PAULO PAIVA OLIVEIRA;JORGE;ANTONIA PAIVA SILVA;H;1171974;238, 898
198;VITORIA C B;JOAO FERREIRA BORGES;MARIA;M;6001978;394, 595, 173, 012, 239, 177
199;FRANCISCO;JOSE GOMES FELIX;ALDEVAM E S;H;24101999;894, 127, 373, 193, 607, 532
200;JESSICA AMORIM CORREIA;FELIPE;ROCELI AMORIM RODRIGUES;M;4091979;110, 097, 021, 887, 201, 627, 950, 324, 882
201;ISABELLE OLIVEIRA MESQUITA;CARLOS BATALHA MESQUITA;RAOMUNDA BLIVEIRA VIEIMA;M;1371787;918, 926, 864, 012, 783, 763, 842, 471, 530
202;SANMARR YS;JOSE SILVA SOUZA;IDELZUITE SOARES SILVA;M;2091945;464, 170, 758, 002, 294, 361, 980, 026, 237
203;MIRIAN A L;ROSENDO SOARES LIMA;MARIA IPELSANTOS;M;1123939;805, 821, 120
204;FABIA CLAUDIO DEUS;RAIMUNDO N D;MAREA;M;2712012;775, 579, 368, 830, 214, 416
205;DAVI M S;JOAO SILVA SANTANA;MARIA M S;H;3231996;741, 969, 439, 939, 370, 212, 878, 683
206;MAYRA BATISTA NECO;JOSE;ANTONIA BATISTA RODRIGUES;M;661992;850, 630
207;ELISANDRA OLIVEIRA JOSE;LUIZ GUIA JOSE;SANDRA OLIVEIRA SANTOS;M;1322029;707, 202, 312, 476, 625, 609, 399, 569, 940, 947
208;ANGELICA BRUNO CARLOS;RAIMUNDO FILHO CARLOS;FRANCISCA BRUNO REIS;M;4481981;337, 321, 570, 018, 744, 050, 410, 932, 845
209;MARILENE VIANA EDSON;ANTONIO EUDES EDSON;CRISLANE VIANA VANUSIA;M;198939;386
210;MILTON;RAIMUNJO PADUA SILVA;MARIA MACIEL MATOS;H;7002005;109, 747
211;ROSY SOUZA ANGELO;JOQO REINALDOANGELO;ANTONIA SEFZA SANTOS;M;921975;981, 194, 598, 211, 163, 832, 604, 945, 807, 351
212;MARICPERMHRA NILSON;RAIMUNDO LIMA NILTON;ELIANE P M;M;991960;638, 744, 760, 626, 060, 850, 033, 020, 911
213;LEIDIVANIA;JORGE ANTONIO SANTANA;ROSANGELA QUEIROZ VIANA;M;152007;952
214;JOVIANO PENHA TAVARES;GILVAN SILVA TAVARES;ALBERTINA P A;H;1412977;283, 731, 064, 511
215;ANTONIA O S;ANDRE SILVA SOBRINHO;PATRICIA OLIVEIRA SANTOS;M;331988;068, 405, 514, 676, 649, 899, 560, 347
216;MARIA REBOUCAS RUFINO;FRANCISCO NONATO RUFINO;JACQUELINE R R;M;11171050;130, 892, 387, 624, 417, 463, 832, 014
217;JOSE;PEDRO SILVA PIRES;IRIE;H;7083978;715, 882, 364, 417, 762, 232, 367, 307
218;FABRICIA CARMO FARIAS;FRANCISCO SILVA FARIAS;MARIA CARMO SILVA;M;2741786;266, 281, 906, 328, 770
219;ROSE RODMIDUTS LIMA;JOSE L L;ANTONPA BKNRIGUTS SANTOS;H;6959956;794, 521, 813, 115, 116, 818, 127, 978
220;JOSE SANTOS MOTA;JOSE SILVA MOTA;MARIA SANTOS ELIZETE;H;627996;276, 432, 759, 920
221;ANTONIA OLIMPIO MARIA;ANTONIO L M;OICAELY;M;1082088;605, 700, 123, 145, 984, 020
222;TICIANA SILVA WILHELMUS;RAIMUNDO R W;MARIA SILVA SILVA;M;952019;871
223;ITALO CONCEICAO SILVA;EDUARDO ALVES SILVA;MARIA CONCEICAO OLIVEIRA;H;14262002;840, 720, 714, 283, 752, 900
224;ERLON CARNEIRO OLIVEIRA;MANOEL;MARIA;H;1471345;555, 178, 979, 227, 888, 461, 493, 977
225;RAYLANIAO F;FRANCISCO RIBAMAR FONSECA;MIRIA;M;251967;072, 920, 001, 954, 615
226;CLEIDIANE MENDES NUNES;LUIZ;ANTONIA M S;M;1731970;500
227;CARLIANE SANTOS GOMES;LUIZ S G;ARCZLINA SM;M;4621955;698, 053, 434, 413, 721
228;CARLOS SANTOK SOUSA;FRANCISCO SILVA SOUSA;KATIANA SANTOS BATISTA;H;4314906;160, 552, 857, 796, 351, 834
229;MARIA GERLUCH NOAUEIRO;PEDRO;FRANCISNEUDA;M;220953;272, 054, 874, 216, 326, 721, 968, 235, 981
230;RAQUEL MENDES PINHEIRO;JOSE;NARCIZA MENDES SILVA;M;2161999;795, 279, 464, 140, 400, 690
231;MARIA VILAIDE CLOVES;ENEAS SOUSA CLOVES;LILIANE V D;M;1768655;956, 167, 311, 847
232;ANDREA SANTOS SOCVA;FRANCISCO FREITAS SILVA;FRANCISCA SANTOS SOARES;M;2544999;558
233;MARIA OLIVEIRA COELHO;JOSE;RAIMNNDA OLIVEIRA OLIVEIRA;M;2751998;250, 784, 551, 227, 870
234;JOSE SANTOS NASCIMENTO;JOYO;MARIA SANTOS SOUSA;H;658081;015, 103, 439, 998, 175, 069
235;ANTONIO JOSIELE RIBAMAR;JOSE WELLINGTON RIBAMAR;REGINA JOSIELE SOCORRO;H;1095941;819, 337, 266, 642
236;ANDRESSA SOUZA HELIO;ANTONIO;JACINTM SOUZA ROSA;M;541967;385, 608, 894
237;MARIA C G;LUIZHOSEGOMES;MARIA COELHO GOMES;M;2491937;073, 756
238;JONATHAN AGUIAR SILVA;VAGNET ELVESSILVA;MARIA AGUIAR SILVA;H;2111923;733, 750, 901
239;VIVIA S M;MARCIO MARQUES MARQUES;JAYNARA SILVA SILVA;M;2471940;378, 722, 417, 763, 792
240;CARLA SOUSA SILVA;HAMILTON S S;MARIA SOUSA APOLINARIO;M;361734;437, 007, 218, 611, 489
241;SAVIO ABREU JUNIOR;ANTONIO MATOS JUNIOR;MARIA;H;2259001;193
242;FRANCISCO COSTA ARAUJO;LEANDRO S A;MARIA C A;H;2178942;603, 812, 745, 683, 126, 088, 287, 184, 620, 583
243;WHGNER S S;BELARMINO G S;MARIA SILVA MARIA;H;752983;776, 863, 330, 623, 784, 288, 575, 369, 453, 939
244;MARIA SOUSA CHAVES;LUIZ SILVA CHAVES;ISAURA SOUSA SOUZA;M;132406;511, 780, 102, 505, 832, 236, 878, 088
245;MARCOS ALVES GIOVANNI;ANDRE NOGUEIRA GIOVANNI;MARIA ALVES ALBUQUERQUE;H;2556961;177, 564, 958, 893
246;RLYNYA SOCOIRO MRRUDA;FRANCISCO V A;MARIA SOCORRO SOUSA;M;5691999;962, 606, 009, 003, 512
247;WESLEY SANTOS FILHO;JOAO SILVA FILHO;MARILIA;H;161958;981, 645, 816, 955
248;DANAEAY ALMCIDA OUEIRFZ;ANTONIO PENHA QUEIROZ;LUIZIMAR A L;M;2531999;134, 372, 987, 589
249;JOSE ERIDUCIA JUARES;ANTONIO;MARIA ERIDUCIA AQUINO;H;266011;567, 706, 574, 193, 814, 707
250;LUIZ SILVA NASCIMENTO;PAULO BORGES NASCIMENTO;MARIA SILVA ALMEIDA;H;7102203;620, 826, 827, 016, 403, 530, 031, 153, 699, 282
251;ROSINEIDE PEREIRA EDUARDO;RONALDO SILVA EDUARDO;RUCCA PNREIRS PEREIRA;M;4881978;738, 628, 040, 514, 713, 559
252;CLAYTON MARIARELNCIO;FRANCISCO FERREIRA FELICIO;CARIA MARIA CARMO;H;2081491;355, 113, 677, 349, 905
253;LARA SOUSA SILVA;ANTONIO SILVA SOUSA;FRONCISCA SOISA MARIA;M;951953;447
254;RAIMUNDA OLIVEIRA BARROS;EDGAR MAIA BARROS;RAIMUNDA OLIVEIRA JESUS;M;160514;397, 647, 273, 774, 025, 977, 681
255;JOANA BUPIROZ LIMA;JOSE BATISTA LIMA;MARIA QUEIROZ BESSA;M;13102056;573, 709
256;MARCOS F D;ADRIANO SILVA DOMINGOS;MARIA FESBOSSPEUEIZV;H;6494997;353, 206, 783, 392, 300, 303, 705, 609, 381, 312
257;CARLOS;ANTONIO MONTEIRO COSTA;CARLOS ALVES IMACULADA;H;659999;204, 200, 829
258;MARIA SILVA SANTOS;KOSE M S;MARCIA SILVA SILVA;M;1233979;940, 989
259;ANTONIA;CELIO MOREIRA VIEIRA;MARIA MARTINS CARMO;M;572034;094, 167, 762, 490
260;FRANCISCO SOARES BRASILIANO;ANTONIO BRASILIANO SOARES;MARIA;H;1211984;900, 134, 102, 072, 088, 875, 221, 223, 131
261;FRANCISCA MELO SOUSA;FRANCISCO LOPES SOUSA;MARIA MELO COSTA;M;14812268;632, 973, 616, 210
262;FRANCISCO JOSE WELLINGTON;JOSE SOUSA WELLINGTON;HELENA;H;4521654;594, 676, 656, 998, 857
263;CRISTINA SILVA WELLINGTON;ELIAS NASCIMENTO WELLINGTON;MEIRY SILVA SOUZA;M;5221952;978, 051
264;RIZORLANGE S A;JOSE;FRACISCA SANTOS SANTOS;M;1099959;293, 558, 357, 802, 522, 417
265;GABRIEL VIEIRA SANTOS;LUIZ;FRANCISCA VIEIRA MARIA;H;7431940;364, 408, 571
266;JEYMERSON LILIANE REIS;CAUBI SOSUARENX;FRANCISCA;H;644091;947, 746, 133, 771, 453, 754, 452
267;MARIA LUCIA SOUSA;YURI CARLOS SOUSA;MARIA LUCIA SOUSA;M;091962;783, 834, 238, 764, 813, 583, 050, 971, 946, 979
268;FABIANA;ANTONIO C S;FERNANDA MAIA IVO;M;21175212;916, 462
269;JOSIMAR COSTA SILVA;ANTONIO FILHO SILVA;VICENCIA COSTA TOME;H;241953;933, 705, 405, 463, 489, 439, 117, 597, 078, 958
270;MARIA;FRAJOISCO FRUIAAU NASCIMEWTO;SONIA SILVA BENEDVTA;M;1681938;580, 711, 166, 174, 869, 354, 886
271;JESSICA SILVA IRINEU;JOSE;MKRIA;M;381990;413, 513, 671, 502
272;MARIA CREUZA MATOS;CICERO ALMEIDA MATOS;ANTONIA;M;2891925;787, 678, 384, 561
273;CLADIO SILVA GOMES;GILMAR SERGIO GOMES;FRANCISCA SILVA FERREIRA;H;821992;735, 100, 227, 682, 443, 447, 657
274;RENATO MENEZES ANDRADE;NILDO SANTOS ANDRADE;RENATA MENEZES GERACILDA;H;2184796;004, 396, 353, 898
275;GOSE SH;ANTONIO CAMARAO MORA;MARIA S V;H;483996;343, 720, 900
276;JANA SILVA OLIVEIRA;JOSE BARROS OLIVEIRA;LEONTINA SILVA BRAGA;M;2072008;732, 606, 100, 627
277;ANDRESDA;JOAO R O;LUZIA S L;M;491959;412, 936, 877
