ID;Nome;Nome da Mae;Nome do Pai;Sexo;Data de Nascimento;�nibus
0;LARA;JOSE FILHO SOUSA;MARIA G S;M;19004586;077, 055, 372, 166, 286
1;ALEXSANDRA S G;PAULO M G;FRANCISCA SOUSA SANTOS;M;14107980;422, 143, 187, 672, 759, 743, 182
2;RICARDO SILVA PEREIRA;JOSE ALVES PEREIRA;JACIRA SILVA SILVA;H;192001;196, 296, 964, 440, 895, 284
3;ROBERTO COSTA AMARANTE;NOSE FURTADO ZMARANTE;MARIA COSTA LOURDES;H;2562044;882, 189
4;LEIDIANA FATIMA GIRAO;JOAO;MARIA FATIMA COSTA;M;861957;414, 490, 216, 725, 733
5;ANA ASSIS ALMEIDA;DANIEL;ALDENORA ASSIS MARIA;M;7112064;746, 363, 815, 507, 587, 625, 516, 542, 643, 005
6;MGRIA ALVRS FERREIRA;PAULO MARIA FERREIRA;VALDELIOE YLVES ZASRNOENTO;M;2991959;039, 811, 102, 729, 529, 757, 845, 211, 978
7;CARLOS;FRANCISCO MENDES NASCIMENTO;MARIA MARIA BRITO;H;2412935;809, 509, 724
8;XEHALDO POSE SANTOH;FRANCISCO JESUS SANTOS;ANA J V;H;2741946;485, 125, 211, 402, 957, 677, 118, 410, 133
9;MARIA EUFRASIO MIZAEL;MANOEL;MAWIA EUFRASIO SOARES;M;681987;461, 507, 224, 476
10;HELLEN MARTINS ALVES;RAIMUNDO CABRAL ALVES;RAIMUNDA MARTINS TEIXEIRA;M;851274;501
11;DOUGLAS;FRANCISCO OWIVEIKA PEGEIRA;HELENA SOUSA SOUZA;H;24707017;793, 378, 420, 287, 234, 687
12;KAYLA GONZAGA SILVA;JOIO SANTOS SILVA;MARIA GONZAGA MARIA;M;513942;179, 019, 199, 974, 762, 089, 606
13;NEIRYLANE VIEIRA BARBOSA;ELY RABELO BARBOSA;RAIMUNDA V B;M;2791954;078, 201
14;ELLEN LIMA BARBOSA;RAIMUNDO SILVA BARBOSA;SILVIA LIMA JUCA;M;20101909;778, 715, 002, 899, 985, 344, 120, 427, 094
15;MARIA VERISSIMO AUGUSTO;LAURIANO LIMA AUGUSTO;VIVIANE VERISSIMO SOUSA;M;2621984;993
16;JAIR SILVAFEGO;OTACILIO REGO SILVA;FRANCISCA SILVA MARIA;H;985173;816
17;ANTONIA;FRANCISCO PEREIRA IVAN;CALDENICE X S;M;2912002;242, 761
18;SUSETE FERREIRA GALDINO;JOSE ALMEIDA GALDINO;MARLI FERREIRA SILVA;M;1962007;707, 202, 586, 729
19;TANIA SALES PEREIRA;RAIMUNDO;ANA;M;2991940;276, 233, 561, 062, 907, 496, 225, 808, 135
20;FRANCISCO FATIMA ASSIS;JOSE SANTOS ASSIS;MARGA FATIMA VBAWNA;H;152718;193
21;ERIVANIA SANTOS CRISPIM;FELICIO DOMINGO CRISPIM;MARIA SANTOS SILVA;M;2161993;794, 771, 805
22;REBECA SILVA HONORATO;ANTONIO SOUSA HONORATO;ROSA SILVA BRAZ;M;581392;730, 631, 458, 423, 554, 828, 217
23;GABRIEL SILVA SABOIA;FRANCISCO PEREIRA SABOIA;MARIA SILVA QUEIROZ;H;0162896;575
24;MARIA;DANILO BRITO ALMEIDA;RAIMUNDA SOUSA LUCAS;M;919971;590, 050, 451, 455, 049
25;FRANCILEIDE BRAGA MOTA;FRANCISCO SLLVA MOTA;ALBERVANIA BRAGA PEREIRA;M;1661967;790, 049, 704, 727, 631, 526
26;JACKSON DIOLINDO SANTOS;JOAO S S;MKRIA;H;2061956;604, 835, 352, 756, 750, 034, 667, 893, 732
27;JOAO DALVA NAVES;OSAMAN OLIVEIRA NAVES;CLEISSE;H;34101260;037, 118, 354, 669, 384, 485
28;TAINARA S S;JOSE BERNARDO SOUSA;MARIA S B;M;1531971;810, 837, 359, 169, 233, 319, 474, 897
29;ROGERIO SILVA ANDRE;FRANCISCO VALE ANDRE;ANA SILVA LIMA;H;4161967;973, 540, 246, 030, 783, 244, 488, 201
30;AFRELLA RO;FRANCILCO POLIDORIO URLANDO;FRANCISCA RODRIGUES PEREIRA;M;540676;097, 589, 624, 159, 221, 797, 112, 339
31;MARIA JOSE SILVA;ERINALDO;MARIA JOSE MARIA;M;6431938;068, 980, 543, 937, 672, 918, 248, 010, 778, 755
32;ANTONIO;CLEILSON SATURNINO AIRES;REJANE LIMA FATIMA;H;8551636;213
33;CARMELITA L S;EDUARDO;MAULUCIA LIMA OLILEIRW;M;2647990;736, 935, 717, 464
34;IARA SILVA NASCIMENTO;ANTONIO ALVES NASCIMENTO;ANB;M;2688961;019
35;PEDRO ROCHA SILVA;JOAO;EURIDES ROCHA SILVA;H;561690;143, 715
36;MARIA B B;LUIZ;LEILA OLIVEIRA NERY;M;9821974;987
37;RYAN ROSARIO SILVA;DANIEP CIMASILVA;MARIA ROSARIO FREITAS;H;1772212;353, 594, 542, 197, 352
38;KAREN MENEZES RIBEIRO;JOAO S R;MARIA MENEZES REGIA;M;781983;157, 085, 969, 858, 749, 970, 138, 015, 648
39;FRANMISCA;LEANDRO S S;ANTONIA;M;2429940;697
40;JEANE PRICILA MAURICIO;JOAO DOMINGOS MAURICIO;VERA PRICILA FRANCISCA;M;1082007;961, 219, 733, 004, 609, 325, 836
41;FRANCISCO ANJOS LOZIMAR;RAIMUMDO CHAGAS LOZIMAR;MARIA ANJOS BATISTA;H;12152952;903, 580, 293, 822, 460, 973, 965
42;JOAO LIMA SPUZA;RENATO NONATO SPUZA;MARIA LIMA ANDRADE;H;2461936;872, 900, 126, 130, 304, 306
43;QOSE F P;ANTONIO;ANTONIA FRANCO SILVA;H;2982000;030, 021, 885, 894
44;MARIA ALMEIDA FILHO;ANTONIO BARBOSA FILHO;JORDANIA ALMEIDA RODRIGUES;M;2031980;368, 708, 153, 038, 907, 415, 939, 297, 387, 341
45;RICHARD;JOAO;FRANCISCDDUARTE MARIA;H;7612004;852, 251, 479, 179, 316
46;MARCOS CONCEICAO DAMASCENO;JOSE;LUQSCNA CONWEICAO REINATDO;H;1641013;077, 284, 880, 453, 631, 920
47;FABIANE SOUSA LIMA;PAULO OLIVEIRA LIMA;MARIANA SOUSA SILVA;M;361972;119
48;ALESANDRO SILVA BARROS;HORLANDO MESQUITA BARROS;MARIA SILMX MADPA;H;9502814;673, 692, 551, 434, 885, 326, 013
49;MARIA C D;FRANCISCO MOUJA DIAS;MARIA COSTA SANTOS;M;6371976;212
50;RAIAN;FRANCISCO ALENCAR FREITAS;ANTONIA M A;H;1012051;271, 041, 636, 104, 660
51;DANIEL SILVA BERNARDINO;FRANCISCO NASCIMENTO BERNARDINO;MARIA SILVA SILVA;H;2400019;087, 816, 723, 600, 728, 795
52;FRAXCESCA SRLVA WANDGON;JOSE;CELIA SILVA AMELIA;M;321947;736, 763, 045, 954, 514, 783, 080, 037
53;KERLA COSTA DANTAS;FRANOISCONOCRATODSNTAS;AUCINEIDE COSTA ALICE;M;1411931;344, 152, 211, 190, 325, 803, 619, 809, 880, 261
54;MARIA MARINA SANTOS;RABMUNDO;CECILIA;H;682075;348, 838, 876, 849
55;ESTEFANY BRITO MORAIS;JOSE C M;FAUSTA BRITO MOURA;M;1531996;618, 821, 254, 052, 198, 924
56;KAREN LIMA SILVA;ADAUTO SANTOS SILVA;VALDIZA LIMA MOREIRA;M;2441996;327, 066, 329
57;DOMINGOS SOUZA SILVA;FRANCISCO SOARES SILVA;FRANCISCA;H;1065990;754, 616, 244, 913, 857, 844, 477, 894
58;JOSE FERREIRA SANTOS;JOAO SOUSA SANTOS;MARIA FERREIRA SILVA;H;2941974;316, 135, 944, 921, 968, 151, 128, 046, 411, 538
59;ISAURA LIMA SOUSA;MARHOS ARNUDO SOUSA;ROSA LIMA SILVA;M;5931964;843, 066, 074, 066
60;MARIA OLIVEIRA SARAIVA;FRANCISCO F S;MARILIA OLIVEIRA OLIVEIRA;M;555997;896
61;MATEUS;RAIMUNDO;MICHELE S S;H;1091881;683
62;DERLYANY LIMA OLIVEIRA;JOSE;MARIA;M;446084;396, 345
63;FLAVIA BONIFACIO ROBERTO;JOAO FERREIRA ROBERTO;BENEDITA BONIFACIO FERREIRA;M;161962;850, 802, 754, 169, 297, 179, 428
64;INPRIDEANUNCIADA SILVA;JQSCMLIGO FERREGRA SELVA;FRANCISCA ANUNCIYDA ALMEIDA;M;2762000;918, 002, 176, 598, 202, 053
65;LIVIA COSTA OLIVEIRA;WELLINGTON SILVA OLIVEIRA;GERACINDA COSTA ESTEVES;M;181982;059, 188, 560
66;CLEMTOG;JOAQUIM ARAUJO FERREIRA;BIATRIZ SILVA PAIVA;H;2123990;250, 178
67;HAROLDO;GABRIEL ARAUJO GERVASIO;RITL NOBRE SILJD;H;823937;443, 515, 721, 808, 043, 942, 111, 737
68;VELSTN R J;MAIMUNDOSOUAA OOAQUIM;LUZIA RODRIGUES RODRIGUES;H;1161912;283, 324, 283, 328, 614, 078, 043
69;KADNA SILVA GALDINO;RAIMUNDW;FRANCISCA SILVA CARVALHO;M;190989;714, 068, 958, 911, 380, 330, 398
70;JOSE M C;FRAHCMQCO LESSA CHAGAS;ANA;H;1032009;557, 851, 375, 705
71;FERNANDO DARLENE SILVESTRE;JOSO FERNANDES SILVESQRE;CLBUDIANA DARLEOE IIEIRO;H;0677935;009, 023, 042, 327, 662, 980
72;LUANA DIOGENES SANTOS;RAIMUNDO FILHO SANTOS;MAWIA DIMGGNES SILPA;M;1352068;720, 376, 387, 517, 272, 457, 519, 799, 759
73;JSAO;CICERO;MANOELLH S S;H;26011784;940, 749, 792, 513, 486, 679
74;ANA SANTOS SOARES;RAFAEL SEBASTIAO SOARES;LUIZU S M;M;5111993;829, 201, 556, 345, 345
75;ELIZEU;JOSE SANTANA BARBOSA;MARDA;H;3551917;107, 282, 081
76;FRANCISCA SILVA FIRYINN;ANTONFO SANTOO FIRMINO;MARILU SILVA HELENA;M;2781916;929, 909, 248, 675, 647
77;MARIA SOUSA LIMA;MAURO AZEVEDO LIMA;FRANCISCA SOUSA CUNHA;M;1071903;555, 195, 665, 550
78;FRANCISCO V B;JOSE ALCINO BARROSO;FRANCISCA VANDA COSTA;H;3771003;201, 617, 448
79;ANA ANDRADE ARRUDA;ADELSON SILVA ARRUDA;MARIA ANDRADE OLIVEIRA;M;5707983;917, 062, 275, 217, 971
80;FRANCTSCOSOUZA SANTOS;RAIMUNDO ANTONIO SANTOS;MARIA SOUZA FERREIRA;H;2961954;871, 272
81;ANDRP SILVAOLIVEIRA;ICOTT;MARTA S M;H;1062003;976, 868, 465, 255
82;ASTONIO;FRANCISCO JOSE CESAR;ROSENIHDA A L;H;20111147;128, 429, 705, 765
83;STEFANY FELIZ CAMELO;ALUIZIO CARLOS CAMELO;ANGELITA FELIZ GOMES;M;1431963;746
84;FERLANE BATISTA SANTOS;JOSE GILSON SANTOC;GERALDA BATISTA SILVA;M;471974;362
85;MARIA SOUSA SANTOS;FRANCISCO;MARIA SOUSA SOUSA;M;6131589;321, 804, 024
86;CONCEICAO;JOSEELPAS ROMIIGYEU;MARILIA SOBRINHO MESQUITA;M;4851979;545, 748, 862, 948, 637, 289, 142, 615
87;MARCIVANIA SIMONE RIBEIRO;FRANCISCO ARUEIMV OIBEIRO;FRANCISCA;M;2141977;669, 731, 258, 748, 830, 268, 151
88;DAYANA AMARAL VICENTE;FRAMCISCO NASCIMENTO VICENTE;MARIA AMARAL NASCIMENTO;M;1353008;323
89;MARCIO JESUS SOUZA;ANTONIO;HELENA JESUS GONCALVES;H;121996;188, 684, 503, 568, 044, 524, 920, 863, 632
90;KARINE;FRANCISCO COSTA SIDVA;MARIA EVANGELISTA CAVALCANTE;M;1831568;948, 353, 227, 655, 772, 603, 867
91;PATRICIA;FRANCISCO B E;FRANCISCA PORTO MACENA;M;2042906;910, 348, 612, 837, 109, 341
92;LUIZ M S;FRANCISCO R S;MARIA MARIA CLAUDIA;H;2531258;190, 850
93;JOSE GRACAS GOMES;ALDENIR C G;TANIA GRACAS RAMOS;H;8862005;375, 076, 376, 949, 268, 925, 955, 308
94;GABRIEL RODRIGUES OLIVEIRA;MANOFL;LUZIA RODRIGUES SILVA;H;1161982;222, 079, 558
95;MARIA MARIA MADEIRA;FRANCISCO M M;VERA MARIA OLIVEIRA;M;696012;004, 770, 458
96;FRANCISCO O V;PEDRO FATIMA VASCONCELOS;MARIA OLIVEIRA SOUSA;H;1671975;937, 058
97;NADIA L C;ELIORNILTON;MARIA L L;M;386165;719, 288, 617, 873, 753, 957, 141, 816, 660
98;DEBORA LOPES SILVA;RAIMUNDO SILVA SILVA;BENEDITA LOPES LUCIANA;M;0011947;990, 240, 292, 428, 223, 951, 457, 430, 682, 716
99;VERONICA CUNHA FARIAS;ANTONIO SILVESTKE CARIAS;MARIF CUNHA EXPEDITA;M;842011;568, 429, 041, 898, 120, 970
100;JENNIFER;LECIO S M;ANNE TEIXEIRA LIRA;M;8132989;584, 282, 445, 870, 256, 929, 892, 521
101;DANIYLA SOUZA BARROSA;JOSE S B;MABIA SOUZA VIANA;M;1641320;790, 886, 165, 980, 162, 880, 916, 280
102;MARIA L S;BEEEDITOFANVOU SILVA;MARIA;M;2157009;387, 776, 453, 518, 644, 166, 079, 146
103;MARIA;BENONI SANTOS OLIVEIRA;MARIP PETRONILIO SILVA;M;2141953;199, 904, 955, 830, 945, 269, 938, 256, 952, 249
104;EMERHON IRISMAR MATTINS;MANOEL GOMES MARTINS;MATILDE IRISMAR CUNHA;H;2541970;649, 599
105;PAULA CARVALHO RODRIGUES;ANTONIO GOMES RODRIGUES;TERESA CARVALHO SANTOS;M;1491995;863, 390, 571, 072, 794
106;ROBERTO;RAIMUNDO EVANGELISTA LIMA;MARLA V D;H;12312016;152, 039, 530, 330, 213
107;RAIMUNDO MOTA VANDUI;RAKMUTDO BAMOSVANDII;REGINA MOTA SABINO;H;1871954;556, 576, 434, 003, 450, 498, 832
108;EMYLLE S M;JOSE MENEZES SILVA;NAZARINA SILVA SALES;M;217960;613, 213, 156
109;SARAH SIMONE LOPES;OOJGARIO;MARIA SIMONE SANTOS;M;2321985;189, 500, 246, 885, 688
110;JOSE FREITAS SOUSA;JARDEL O S;FRANCISLANE FREITAS MAIA;H;641955;125, 081
111;JULIA SOARES CARVALHO;MIGUEL LOPES CARVALHO;MARIA;M;7031997;556, 262, 691
112;REBEKA ELEUTERIO FRANCA;JOAO SEVERO FRANCA;WANDERLANY;M;2552019;327, 306, 358, 005, 850, 470, 726, 916, 850
113;IAOR POULQ LOPES;GERALDO TEIXEIRA LOPES;MARIA;H;1571942;002, 186, 638, 932, 449, 166, 455
114;FRANCISCA S C;JOSE TEIXEIRA COSTA;RITA SANTOS SOUSA;M;1721942;659
115;OSMARINA;JOSE CEZIMAR SILVA;MARIA SILWA LIMA;M;9841485;661, 262, 731
116;JANAINA SOUSA CANDIDO;MESSIAS CARVALHO CANDIDO;MLRIASOUNA BRIWO;M;571912;053, 246, 193, 677, 534, 470, 855, 367
117;TIAGO LOPES SILVA;ANTONIO VERAS SILVA;ANDREA LOPES SILVA;H;1851959;827, 115, 784, 282, 019, 124, 379, 990, 736
118;ETELVINA SULIENE PEREIRA;ANTONIO CANDIDO PEREIRA;GISELE SULIENE OLIVEIRA;M;1382021;718, 574, 061, 639, 644, 614, 415, 099
119;SOFHIA PEREIRA MOREIRA;FRANCISCO FERREIRA MOREIRA;MARIA PEREIRA ALCANTARA;M;582013;757, 076, 188, 760, 826, 258, 194, 613, 057, 732
120;AKEXANDRE PR;PEDRO;MARIA P S;H;592015;289
121;FRANCISCO V A;PEDRO RODRIGUES ARCANJO;VALDA VASCONCELOS NASCIMENTO;H;1332007;240, 004
122;ANA OLIVEIRA AZUL;JOAO NUNES AZUL;CLAUDIAGLIVEIRW SILVA;M;2112083;644, 872, 207, 869, 831, 728
123;WANDERSON ALVES DUARTE;FRANCISCO S D;REJANE ALVES COSTA;H;862110;873, 428, 700, 803, 453, 448, 290, 960, 913, 871
124;MARIA S F;DAMIAO SOUSA FROTA;LIGIANE SANTOS FERREIRA;M;2192002;109, 751, 227
125;MARCOS GLAUBANIR ADONAI;FRANCISCO FILXO BDONAI;VALCIDA GLAUBANIR CANDIDO;H;1711991;478, 995, 891, 924, 127
126;MARCOS FERREIRA SILVA;SALUSTIANO OLIVEIRA SILVA;MARIA FERREIRA SILVA;H;5112053;348
127;MARIA RODRIGUES SILVA;FRANCISCO ANDRADE SILVA;MARIA R B;M;0510974;124, 202, 163
128;FABIOLLO MARIA GONCALVES;FRANCISCO CHAGAS GONCALVES;MARIA MARIA AQUINO;H;2682008;158, 150, 340, 659, 237
129;LISIA;FRANCISCO DIOMAR GOMES;ANA SANTOS LUZINETE;M;4232002;626, 143, 842, 070, 548, 481, 089, 916, 157
130;NAZARE SOUSA SILVA;FRANCISCO PERSSON SILVA;CECILIA;M;23102008;533, 521, 622, 023, 303, 647
131;WILTON A S;DAVI GLEITON SANTOS;FRANCISCO ACALIA EFENICE;H;6171947;469, 326, 098, 550, 223
132;MARIA NERI BERNARDO;MANOEL EDSON BERNARDO;ELOISA N N;M;2322004;943, 112, 070, 876, 135, 582, 407, 908
133;JOSE MATIAS NASCIMENTO;AMADEU SILVA NASCIMENTO;ANTONIA MATIAS FATIMA;H;2012011;246, 654, 575, 089, 616, 676, 808, 963, 905
134;TERESA PAULA FERNANDO;CLEYTON MARTINS FERNANDO;MARIA;M;311289;743, 782, 994, 449
135;MIZAEL CARNEN SOUZA;DIMAS FILHO SOUZA;MARIA;H;263965;065
136;ALEXSSANDRA RODRIGUES SOUSA;MARCELO ALMEIDA SOUSA;MARIA RODRIGUES RABELO;M;2911939;680, 209, 579
137;JORGE ALVES OLIVEIRA;FRANCISCO S O;DELFINA ALVES ALMEIDA;H;1882006;271, 717, 623, 973, 411, 183
138;MABZA SILVA BARYOSP;FRANCISCO CARVALHO BARBOSA;SILA SILVA SILVA;M;10181605;845, 403, 777, 087, 745
139;JULIO;JOEL MONTEIRO OLIVEIRA;CLAUDIA R N;H;13101958;364, 734, 978, 210, 195
140;ALINE COSTA SANTOS;ROGERIO E S;SALETE C M;M;3711288;296, 770
141;JOSE COSTA FORTE;NELSON SOUSA FORTE;MARIA COSTA ROCHA;H;121990;697, 889, 111, 023, 949, 564, 853
142;LUIZ ALVES SILVA;FYABCIKCO CLAUBINHO SILXA;FRANCISCAALVESVASIA;H;771955;946, 050, 956, 843
143;RAQUEL O M;GERALDO SILVA MORAIS;MARIA OLIVEIRA LUCIA;M;669978;419, 476, 069, 393, 126, 027, 150, 468
144;CLODOALDO A F;JOSE;TEREZA;H;2352999;743, 587
145;ANTONIO ALMEIDA NASCIMENTO;FRANCISCO BARBOSA NASCIMENTO;MARIHDLSEIDA SILDA;H;641975;405, 080, 239, 380, 134, 144, 124, 232, 452, 788
146;FRANCISCO AZEVEDO SILVA;FEXTPE SANEOS OILTA;TEREZINHA AZEVEDO MONTEIRO;H;1981917;491, 746, 764, 117, 059, 729, 475, 610, 983, 546
147;LUCIENE FERREIRA NOGUEIRA;RAIMUNDO;MARIA;M;1722003;925, 935, 874, 031, 097, 031, 650, 316, 580, 022
148;FRANCISCA A S;JOAO ALVARENGA SILVA;MARINETE;M;765949;631, 068, 128, 174, 571, 865
149;RIQUELME COSTA SILVA;ANTONIO TORRES SILVA;ROCILENE COSTA SILVA;H;1561843;895, 809, 384, 812, 669, 333, 695, 980
150;MARIA M C;FRANCISCO;TERASINHA MOURA FERREIRJ;M;2292006;276
151;JOANA SILVA FIRMINO;FRANCISCO ANTONIO FIRMINO;MARIA;M;8731944;546, 009, 902, 893, 512, 852, 002, 849, 995
152;LARISSA SOUSA SILVA;JOSE LEMOS SILVA;ROSA SOUSA ALICE;M;231955;350, 957, 965, 597, 202, 849
153;KAUAN MARIA LIMA;EURICO COSTA LIMA;MARIA MARIA VASCONCELOS;H;2886987;570, 205, 846, 696, 953, 492
154;KEVIN SILVA BATISTA;RAIMUNDO;MARIA;H;161968;888, 955, 569, 528, 605, 997, 635, 184, 931
155;TERESA;ADAUTO F S;LINDALVA;M;1491948;044, 279
156;JOSE;FMANCISCO C S;FTANCISCA B H;H;2311990;995, 224, 853, 473, 514, 706, 689
157;MARIA;LUIZ P R;MARIA;M;1422996;157, 144, 333, 444, 479
158;EZEQUIEL NASCIMENTO BATISTA;RAIMUWCM OZENIR BAPYDTA;FRANCISCA NASCIMENTO NASCIMENTO;H;2311994;445
159;MANUELA D S;RAIMUNDO;MARIA DEUZIANE ALVES;M;2426100;083, 995, 842, 315, 181, 755
160;CLEYTON FERREIRA GOMES;GENIVAL FERNANDES GOMES;TEREZA;H;1901992;029, 951, 266, 739
161;LETICIA PEREIRA PAULA;MANOEL ALVES PAULA;ROSEMARY PEREIRAVIEIRA;M;511678;707, 367, 536, 826, 039, 929, 315
162;CLAUDIA SILVA AUGUSTO;JFHE A S;JOSINETE SILVA SILVA;M;071993;599, 702, 852, 874, 555, 432, 092, 358
163;ROSA;JOSE SOUZA CHAGAS;MARIA LUYIAPEUEIRA;M;1111944;306, 914, 216, 976, 554
164;FELIPE SILVA NASCIMENTO;XNAONIO EOMESNASCIMENTO;MARIA;H;171955;494, 166, 369, 001, 736, 895
165;VANDA SANTOS SILVA;FRANCISCO SOARES SILVA;GUELREY;M;2046035;911, 605, 534, 113, 042, 201, 443, 303, 886
166;PAULO OLIVKIRA SILVP;FRANCISCO N S;ANTONIA OLIVEIRA PEREIRA;H;621967;366, 625, 099, 555, 339, 645, 737, 197, 059
167;MARIA;FRAGCIACO C F;SILVANA OLIVEIRA RAMOS;M;2212014;957, 765, 030, 408, 661, 712, 032, 486, 956
168;WALLACE TEIXEIRA RODRIGUES;BRUNO SILVA RODRIGUES;LUZANIRA TEIXEIRA FERNANDES;H;2061238;572, 137, 414, 860, 611, 349, 417
169;GERLANIA MELO OLIVEIRA;CELIO SILVA OLIVEIRA;SARA MELO SANTOS;M;5491905;449
170;MARUA SATTOS WKLLIYGWON;FRANCISCO R W;MARIA;M;272014;366, 676
171;RHILLARY ALMEIDA CASTRO;JOAO S C;MARIW K E;M;1901946;260, 075, 102, 149, 368, 335, 062, 331, 670
172;ANTONIO SOUSA MARINO;ROBERTO F M;BPACILINA IKTSA ESTELA;H;27831993;417, 661, 635, 016
173;FRANCISCA SILVA COSTA;FRANCISCO SANTOS COSTA;MARIA S F;M;611957;475, 726, 955, 986, 514, 677, 561, 510, 124
174;CLARA SANTOS SOUSA;PAULO SARAFIM SOUSA;MARIA SANTOS SOUZA;M;05101956;972, 802, 892
175;LUANA MARQUES OLIVEIRA;FRANCISCO ALVES OLIVEIRA;MARIA MARQUES EVANGELISTA;M;1228965;391, 535, 622, 582, 144, 980, 613
176;VALDEMIR ROCHA JOSIDAN;ADVALDO;MARIA ROCHA ALMEIDA;H;3461984;575, 731
177;FLAVIO ARAUJO JERRY;ELENILSON;RAIMUNDA ARVGJO SILVA;H;691953;762, 873, 116, 325, 912, 301
178;ELIANA SILVA FEITOSA;MARCOS O F;MAYAA;M;512032;810, 967, 268, 083
179;JUAN SOUZA SVRVA;JORGE LIMA SILVA;CRISTIANE SOUZA SOUSA;H;1901963;773, 616, 669, 001, 802, 765, 230, 998, 587, 739
180;ANDREA A S;ELIAS MESQUITA SILVA;MARIA A S;M;22182008;864, 601, 220, 400
181;RIANE ARAUJO SILVA;ANTONIO SOUSA SILVA;AURILEIDE ARAUJO SILVA;M;211995;860
182;FRANCISCA;FRANCISCO SANTOS CASTRO;FRANCISCA PONTES MOURA;M;76101296;921, 982
183;CARLIANDERSON SANTOS BARBOSA;RAIMUNDO PEREIRA BARBOSA;MARIA SANTOS RITA;H;1401949;277, 585, 375, 338, 870, 579, 428, 972, 898
184;ESTEFANNY SILVA SANTOS;FRAKCISCO CARKOS SANTOS;CLEONICE SILVA XAVIER;M;293080;565, 678, 128, 615, 924, 361, 731, 779
185;JULIO PEREIRA CARNEIRO;JOSE CUNHA CARNEIRO;LUCNA PZRYIYCPARBOSA;H;4121931;601
186;NJILA F E;NILSON;RAIMUNDA FREITAS SILVA;M;7461954;027, 141, 114, 567, 549, 076, 162, 567
187;PEDRO ROSALIA VIDAL;RAIMUNDO LOURENCO VIDAL;MARIARGSDLZA SMLVA;H;532067;250, 822, 080, 695, 778, 422
188;FRANCISCO CONCEICAO SILVA;FRANCISCO BARROS KFLVA;FRANCISCA CONCEICAO SOUZA;H;2479024;018, 367, 753, 982, 743, 286, 633, 396, 857
189;ANBERSON OLIVEIRUNASCIJENTO;IVANALDO M N;MARIA O S;H;2961247;795, 316, 889, 509, 138, 188, 337
190;ALZENI;FRANCISCO;RAIMUNDA ALTINA RODRIGUES;M;29311999;484, 387, 082, 704, 371, 771
191;FRANCISCO;JOSE YARBO SANTOS;ZURENE EVA NUNES;H;2961968;224, 576, 906, 254, 695, 211, 680, 164, 229
192;RAIMUNDO C A;JOSE SILVA ALMEIDA;VALDIZIA COELHO SILVEIRA;H;852098;699
193;PAULO VIEIRA SANTOS;FRANCISCO ARAUJO SANTOS;ANTONIA;H;1711986;627, 739, 512, 874, 433
194;CELIO G B;FRANCISCO;MARIA GONCALVES NASCIMENTO;H;1471928;412, 968, 784, 802, 185, 968, 611, 871, 171
195;RAIMUNDA NASCIMENTO CARMO;FRANCISCO FERREIRA CARMO;MARIA N P;M;481950;190, 588, 267, 969, 064, 505, 461, 715, 286, 246
196;ANA SOUSA CANDIDO;MADUEL;MARIA;M;2521977;927, 655, 319, 741, 566, 981, 996, 748, 956, 371
197;ELINOABE GRACAS FELIPE;FRAACISCO RNIMUNDO DELIPE;MARIA;H;299974;516, 591, 647, 228, 383, 134, 199, 586
198;MMRIAS N;RAIMUNDO ROBERTO NACELIO;LUISA SILVA COSTA;M;1851993;972, 690
199;FRANCISCO SILVA CELESTINO;QWHNELKIMOSS KCLESTINO;MARDASILGA SANTOS;H;19112010;134, 075, 734, 995, 055
200;ROSSI SILVA ASSIS;PEDRO ASSIS SILVA;MARIA SILVA BRASILEIRO;H;531121;106, 661, 451, 567, 919, 273, 056, 421, 475
201;ADAILA PONTES BEZERRA;ANTONIO SOUZA BEZERRA;MARIA PONTES FERREIHA;M;7852964;331, 886, 906, 235, 267, 428, 812
202;JANIZIO NASCIMENTO BRANDAO;SEBASTIAO SILVA BRANDAO;MARIA NASCIMENTO JOSE;H;1281975;897, 246, 828, 191, 738, 363, 078
203;ABNER M S;JOAO;MARIA MARIA PEREIRA;H;15111991;477, 308, 576, 010, 603, 254, 083, 912, 081
204;ANTONIA PEREIRA JULIAO;GILSON SOUSA JULIAO;EMILIANA PEREIRA CARDOSO;M;4172011;452, 353, 460, 797, 865, 480, 277, 889
205;ANA SOUZA MORAIS;JOCELIO MORAIS SOUZA;CARBYENB S M;M;2561995;054, 280, 900
206;VICTORIA VIANA VIEIRA;MARCOS PAULA VIEIRA;LUIZA VIANA UCHOA;M;1521998;500, 547
207;ISABELA N N;FRANCISCO;MARIA N B;M;3059914;948
208;YCARO;ANTONIO;HERLPNE R S;H;8481952;071, 514, 994, 928
209;NEBORK REIS LIMA;VICENTE SANTIAGO LIMA;ROZIMAR REIS CARLOS;M;911358;985, 520, 189
210;DAVI SANTOS BESERRA;WALDEMIR C B;LUCIA SANTOS CRUZ;H;1932003;849, 834, 061, 595, 929, 343, 439, 560, 655
211;LAYLA P B;JOSE PEREIRA BARBOSA;JULIA PEROLINA OLIVEIRA;M;1971577;981, 368, 955, 633, 577, 961, 805, 536
212;BENTO S Z;JOSE J S;MARIA S M;H;7351935;088
213;LEILIANE SALES SANTOS;JOSE CANUTO SANTOS;MARXA SALES RODRIGOES;M;0081941;099
214;BRUNO SANTOS MONTEIRO;JOSE M M;MARIA SANTOS CABRAL;M;259003;395, 293
215;SIMONE SILVA BATISTA;PEUCOPASSON BAVIHTA;LEDA SILVA SILVA;M;2652012;673, 062, 798, 500, 291, 069, 751, 602, 826, 451
216;VALDEMIRO S C;JOAQUIM CIPRIANO CARDOSO;LINDALVA S A;H;2471981;698
217;FRANCISCA;VOSESOEIRO NUNRS;MARIA H B;M;1971905;173, 236, 476
218;JOSE SILVA MILILAO;OSVALDO NONATO MILITAO;SARA SILVA QUEIROZ;H;481960;595, 377, 780, 308, 953, 936, 655, 987
219;SEVERINO VARF SPLVA;ANTONIO COSTA SILVA;ROSA;H;454579;107, 220, 644, 907, 224, 154, 485, 153
220;MYLENA OLIVEIRA XAVIER;SEBASTIAO MARTINS XAVIER;UMANDA FLIVEIRG JJRDZLINE;M;24101135;443, 010, 624, 494, 829
221;FRANCISCO O S;ANTONIO MATOS SILVA;ANTONIA O M;H;1254928;353, 786, 840, 548, 341, 437, 802
222;JOSE AMORIM VICENTE;FRABCISCO AV;ANTONIA AMARIM RARBOSA;H;4181991;370, 450
223;FRANCISCO FREITAS SANHIAGQ;FRANCISCO FERREIRA SANTIAGO;DOMINGOS FRYITAS MARQUES;H;2971970;806, 956, 464, 271, 158, 540, 356, 559
224;RAIMUNDO TEMOTEO MACEDO;ANTONIO;VIRGINIA T M;H;652009;148, 423, 995, 600, 055, 189, 374
225;MATEUS N D;ERIVAN ALVES DIONISIO;LUCIA N S;H;481991;031, 657, 031, 201
226;ELIEL;CELIO XAVIER SOARES;FATIMA;H;2939930;976, 738, 571, 514, 712, 555
227;BRENA;EVARISTO SILVA CLEI;LINDALVA TORRES SLVA;M;2119939;215
228;AUU YOANES XARIA;JURANDIR SILVA MARIA;SOCORRO SOARES VIEIRA;M;9577298;650
229;FERNANDO OLIVEIRA RAMOS;FRANCISCO C R;OSERINA O A;H;471976;788
230;RAFAELE SILVA FRANCISCO;WELLINGHTON PEREIRA FRANCISCO;TEREZINHA;M;311980;056, 025, 652, 692, 788, 898, 908
231;ANTONIA;JOEL NASCIMENTO SOBRINHO;MARIA NOGUEIRA GOMES;M;4476997;009, 980, 016, 920, 211, 882, 737, 431
232;MARIA PINTO TEIXEIRA;RAIMUNDO S T;OSMARINA PINTO BRASILEIRO;M;2851409;973
233;WALLADAMA FRANCISCA PATRICIO;FRHNCICCO;MARIA FRANCISCA ALVES;H;7852007;623, 290, 785
234;LUCIMAR SANTOS BRASIL;EXPEDITO NASCIMENTO BRASIL;MYKYTA SANTOS BRAGA;M;381999;186, 233, 739, 440, 561, 101, 552, 563, 119, 538
235;KETLEY COELHO CASSIANO;DUNIEL ASSIS CASSIHNO;FRANCISCA COELHO LAUREANO;M;12901969;726, 789, 190, 838, 776, 856, 839
236;MOSE M S;FRANCISCO SILVA SOUSA;MARINA MELO OLIVEIRA;H;2151009;354, 417, 600, 160, 230, 848, 915, 595, 080
237;MARIA M C;ALDEIQTON C C;MARIA M S;H;411287;260, 506, 180, 800, 588, 303, 092, 025
238;NATALIA;BENEDITO SILVA SILVA;FABIOLA NASCIMENTO JESUS;M;6111941;043, 658, 818, 300, 849, 062
239;ANA;JOSE MELO CHAGAS;ANA;M;23702017;863, 638
240;RENE GRACAS CRISTIANO;FRANCISCO LIMA CRISTIANO;MARIA GRACAS SOUZA;H;2355268;096, 893
241;ANA JACINTA MONTE;FRANCISCO LIMA MONTE;PRISCILA;M;9662702;709, 094, 671, 397, 228, 394, 989, 314, 068, 595
