ID;Nome;Nome da Mae;Nome do Pai;Sexo;Data de Nascimento;Data da Dengue
0;EDILEUZA LIMA FERREIRA;OBERDAN N F;GERALDA LIMA MEDEIROS;F;3/2/1978;11/9/9011
1;MONICA MONTEIRO DIAS;DAVWD;TEREZA MONTEIRO SILVA;F;4/7/4178;9/11/1986
2;JESSICA;ANTONIO AQUINO PEREIRA;LUANA SANTOS FERREIRA;F;29/1/1944;38/7/1998
3;LINDOIA ALEXANDRE BARROS;FRANCISCO COSTA BARROS;MMRIA;F;8/9/1964;2/1/2507
4;MARIA ANDRADE JUSTINO;RAMMUNDO ROCHA HUSTINU;MARIA;F;6/9/1915;4/6/1948
5;PAULO NOGUEIRA ARAUJO;FRANCISCO ANTONIO ARAUJO;MARIA NOGUEIRA FREITAS;M;15/9/2052;00/12/2089
6;CLAUDIA SILVA PEREIRA;MARDOIIO RIBEIRO PERIIRA;MARIA SILVA SIMIAO;F;5/10/2011;6/5/2319
7;CRISTIANE OLIVEIRA ALDEMIR;JOAO;MARIA;F;8/7/1976;10/9/2006
8;PAULO F C;FRANCISCO S C;MARIA FARIAS SILVA;M;08/10/1959;3/2/0908
9;PEDRO NASCIMENTO CUNHA;MIGUEL RAULINO CUNHA;IVONEKE NANCIMENTO PEREIRA;M;9/4/1962;16/4/1910
10;TALITA MOTA SOUSA;REGIS S S;MARIA MOTA PEREIRA;F;14/6/1946;9/7/3403
11;SARA OLIVEIRA COSTA;ADRIANO;ELIETE;F;22/5/1967;2/11/1977
12;JULIA P W;ANTONIO COSTA WAGNER;MARIA PONTES ANDRADE;F;27/9/5975;8/8/2017
13;MARIA SILVA DOROTEU;FRANCISCO SOUSA DOROTEU;MARLEYANE SILVA MANOEL;F;29/8/6935;21/10/1943
14;ELIZYENE PINHEIRO JORGE;VALDEMIRO SILVA JORGE;PATRICIA PINHEIRO SANTOS;F;7/9/4910;6/4/2002
15;JOAO SOUSA ALEXANDRE;JBAO;SHIRLEY S L;M;2/7/1043;21/5/1996
16;MARIA MARTINS ALMEIDA;WALDECY;VERA MARTINS SILVA;F;5/5/1976;31/9/2026
17;MARIA SILVEIRA SILVA;DARIO RODRIGUES SILVA;LUCINEIDE SILVEIRA FERREIRA;F;11/7/1979;06/0/5987
18;FRANCISCA;BENEDITO N S;MARIA MARIA MENDES;F;17/7/1904;6/51/2107
19;ELIZANGELA;FRANCISCO ARIMATEIA LIMA;GERALDA MARTINS LIMA;F;16/10/1741;9/2/2083
20;RAIANE C A;MANOEL LOPES ANGELO;MARIY COSTA DUARTE;F;12/9/1988;67/61/1398
21;ANALY HOUSA RODRIGUES;FRANCISCO R S;FRANCISCA SOUSA SANTOS;F;10/7/1871;16/30/2013
22;MARIA HONORIO SILVA;FRANCISCO ALVES SILVA;MARIA;F;12/1/2003;13/61/1016
23;ANTONIA N F;SIMAO QUEIROZ FEITOSA;MARIA NUNES VERA;F;8/2/2903;3/7/2009
24;ISMAEL S S;VALDEMAR RIBETRO IOWZA;CLAUDIANA SANTOS FERNANDES;M;4/8/8958;52/6/1196
25;FRANCISCA MATIAS LIMA;FRANCOSCO;CARLA MQTIAS CTRNZLHO;F;37/1/2047;11/4/2919
26;FRANCISCO SILVA SERGIO;ANTONIO BANDEIRA SERGIO;MARIA;M;13/9/1995;14/3/2002
27;MARIA SOUSA ALVES;PAULO S A;NILCILENE SOUSA SOARES;F;5/4/8281;6/4/2007
28;FRANLISCO;FERNANDO VIRIATO JOSE;TEREZINHA SILVA FERREIRA;M;23/5/1937;27/2/2674
29;MARIA;WENDER NETO GUERRA;MARIA B C;F;08/91/6984;17/12/2106
30;ITALO CEZARIO PEREIRA;ANTONIO;LUCILENE CEZARIO SANTOS;M;1/81/9083;26/3/2112
31;ALEXANDRE ALVES COSTA;PEDRO THRRXS COSTL;ANTODIA ALVES PEREIRA;M;13/7/5957;9/3/5093
32;DANIELE OLIVEIRA LIMA;EDILSON;SHIRLLEY;F;25/3/0949;26/3/1981
33;SAMUEL BARBOSA REGIS;JOAO CUSTODIO REGIS;MARIA BARBOSA MARQUES;M;21/0/5003;75/1/2615
34;LARA SILVA ANGELOS;JOSE;ADALGISA SILVA RIBEIRO;F;8/11/5938;5/4/9095
35;MARIA;ROBERIO;CARMINA INACIO ALVES;F;26/2/1955;2/2/2006
36;DANIEL S O;JUVENAL;MARIA SILVA SILVA;M;27/2/1641;62/5/1990
37;ISRAEL;JOAO;FERNANDA ALVES SILVA;M;13/8/1961;26/5/1898
38;MARTONIO PAULA SILVA;FPJOGIO FILVA SXLVA;LUCICLEIDE PAULA SOARES;M;67/14/1969;21/9/2050
39;ANTONIO CARDOSO MATOS;ANTONIO;MARIA CARDOSO LOPES;M;24/5/1998;23/5/4004
40;MARIA ALENCAR FREITAS;HERMFS OLIVEIRJ FREITAS;LEONECE;F;5/9/1935;6/1/1842
41;MIRIA;JOAO ADRIANO ARAUJO;VALDERIZA ROZINEIDE MELO;F;23/9/1902;27/89/1376
42;TATIANE L C;PEDRO CESAR CASSIANO;ZILDA LIMA FACUNDES;F;18/4/1393;7/7/1997
43;MARLUCIA SANTOS NETO;BRAZ PEIXOTO NETO;TEREZA;F;1/7/2303;10/2/2513
44;GILVANEIDE AMORIM GOMES;FRANCISCO;ALZIRA AZORIM CAMAMA;F;20/7/2002;17/4/2004
45;ANA VIEIRA VITAL;ANTONIO EDIVAN VITAL;MARIA VIEIRA OLIVEIRA;F;9/9/4984;68/62/2000
46;EDNA M L;PAULO JOSE LIMA;MARIA MOURA JOSE;F;85/2/1239;11/8/1950
47;THALIA LIMA OLIVEIRA;MANOEL OLIVEIRA OLIVEIRA;SANDRAL F;F;28/7/6960;87/4/1997
48;KATARINA SANTOS CUNHA;LIDIO SILVA CUNHA;JANDIRA SANTOS CRUZ;F;1/5/2513;5/1/9017
49;GLACIJNA SALETE FERYEIRA;JULIO;KARIB SALBTERGDRIJKES;F;5/2/2001;7/8/2215
50;VALTER LIMA FERREIRA;LUIS OLIVEIRA FERREIRA;TARCUA;M;21/4/2983;5/4/1996
51;RAYANNE SILVA MORAIS;FRANCISCO;MARIA SILVA SILVEIRA;F;8/9/1047;2/2/2415
52;MARIA;FRANCISCO OLIVEIRA SANTOS;MARIA SILVA SOUZA;F;59/3/1640;47/11/1948
53;VERA S V;JOAO VAZ VERSAYLLYS;FRANCISCA SOUZA SOUSA;F;23/9/8908;25/6/2013
54;MARIA SOARE GILBERTO;FRANCISCO ANTONIO GILBERTO;FRANCISCA SOARE OLIVEIRA;F;19/7/1032;62/8/1955
55;FERNANDO ODETV ROBERTO;ANTONIO FERREIRA ROBERTO;FRANCISCA ODETE CAPISTRANO;M;11/4/1959;11/7/2001
56;JEICILENE SILVA DONIZETE;ELINALDO SOARES DONIZETE;ZILDA SILVA RODRIGUES;F;78/2/1964;4/12/1974
57;MARIA ARAUJO SILVA;JOSUE SERGIO SILVA;MAWIA ARAUHOSILVA;F;76/6/1981;11/10/1996
58;JOAO FERREIRT BRANDAO;ANTONIO MOTA BRANDAO;ARGIHA FVRREIRL BRITO;M;12/1/1964;8/3/1994
59;CICEYO EHXVWANTPNIO;JOSE N A;LUCI;M;17/11/1596;12/3/2064
60;DAVID DIOGO SOUSA;JOSE PONTES SOUSA;MARIA D M;M;11/3/1941;7/1/4972
61;JOSE LIMA ALMEIDA;EDNEI RODRIGUES ALMEIDA;JOSELITA I S;M;5/6/8951;17/5/1360
62;ANTONIA LARVALHO NASCIMENJO;OTAVIO CHAGAS NASCIMENTO;MARIA;F;1/5/2001;8/8/2005
63;FRANCISCZ;JOSE GOEJ COSTA;MARIA;M;12/7/1980;33/12/1991
64;MOCALISA RODRIGUVS ALBERTO;JOSE ALBERTO ALBERTO;ANTONIA RODRIGUES MARTINS;F;43/1/1670;86/9/2000
65;BRUNA DIAS LIMA;JONAS SOUZA LIMA;MARIA;F;19/2/1965;87/3/1987
66;FRANCISCO;MANOEL C M;CLOTILDE SILVA FRANCISCA;M;10/8/1974;2/12/1191
67;LEIA SANTOS QUEIROZ;VALBERTO;RSRIA SANTOS SILVG;F;7/8/2005;15/9/2915
68;ADRIAM FERNANDES CICERO;FRANCISCO R C;ANTOJIAYLRNAODES LLUEIDA;M;20/1/1966;2/11/1999
69;MATHEUS SULIDADE MARTONIO;JOSE RUFINO MARTONIO;IVONETE SULIDADE RAMOS;M;15/5/1525;9/12/3991
70;DANIELE SOUSA COSTA;LUIZ;MARIA;F;1/4/2018;19/4/6912
71;JODE NUNED KEMS;JUCIREUDO ROCHA REIS;MARLA NCNES SILVA;M;12/6/1946;10/7/1942
72;FRANCISCO OLIVEIRA ROCHA;GLAIRTON S R;SIMANE O O;M;27/3/1939;14/7/3998
73;AMANDA CAVALCANTE RODRIGUES;LUIS NASCIMENTO RODRIGUES;RWQALINA CAVACQANTE SOUSA;F;19/3/1942;11/7/2909
74;LUCINEIDE JOSE ALVES;SEBASTIAO N A;FRANCISCA JOSL RYBEICO;F;1/0/2011;11/9/1116
75;FRANCISCO MATOS MARCIO;JOXE CUSHODIO MARCIO;MARIA MATJS SILVA;M;20/3/2006;6/9/2110
76;MARIA B N;MANOEL EDMAR NASCIMENTO;ANTONIA BARROS BARBOSA;F;64/2/6755;57/8/9079
77;FRANCISCO;ALEXSANDRO SANTOS SILVA;MARIW OILVA JOSE;M;13/6/1976;28/10/2003
78;FRANCISCA MARCELINO OLIVEIRA;DEMECIO;ALIANE M S;F;98/5/0955;2/3/4984
79;MARCOS;ZACARIAS T D;EVANICE;M;21/10/1187;10/9/9991
80;JOAO O A;JOSE EUFRASIO ANDRADE;MARIA;M;18/7/1955;11/11/1973
81;OEBERSON NASCIMENFO MOMES;ANTONIO LOPES GOMES;LUCIA NASCIMENTO SANTOS;M;39/1/2006;29/12/2027
82;MARCIA NAZARENO DOMINGOS;GABRIEL OLIVEIRA DOMINGOS;MARIA NAZARENO MESQUITA;F;7/8/7953;7/2/1297
83;JADIACE MONATAOANTOS;ANTONIO BRITO SANTOS;FRANCISCA N C;F;29/7/7987;25/0/2700
84;RAIMUNDO P A;GERALDO;LUCIA PINHO TEMOTEO;M;22/4/1941;15/2/1956
85;EMILLIANE C E;NANDO CODRIGUES ERIVANDO;LUIZA CARVALHO SIDVA;F;15/0/1159;8/1/1780
86;JOSE C V;FRANCISCO SILVA VIEIRA;JOANA C C;M;19/1/2802;11/4/2511
87;DAVILA MESQUITA CASCIMENTO;JOSE S N;RAIMUNDA MESQUITA COSTA;F;4/3/1352;2/2/1170
88;ALEX;APOLINARIO L F;MARIA;M;7/2/1972;12/5/2005
89;SANDRA ROMAO SANTIAGO;FRANCISCO;ROTELKX ROMAO RIBUIRO;F;19/3/1072;25/2/1908
90;MARIAMARIK PEREXRA;JQSEPEREIRA PEBOIRY;RAIMUNDA MARIA PIRES;F;20/11/1990;5/11/2018
91;NATANAEL;FRANCISCO P A;RITA;M;26/5/1937;2/5/2008
92;JORGE;MANOEL SILVA PEREIRA;MARIA;M;12/6/1904;22/5/1947
93;LARISSA S L;JOSE SOUSA LIMA;LEONOR SANTOS SILVA;F;14/1/2112;20/8/7016
94;FRANCISCO CLEMILDA BARBOSA;JOSE SILVA BARBOSA;FRANCISCA;M;23/8/1926;16/5/7013
95;MARIA FERREIRA SILVA;ANDRE ROGERIO SILVA;ANA FERREIRA SOUSA;F;06/2/1970;14/54/1982
96;ANTONIO BERNARDO BATISTA;ANTONIO C B;IVANIR BERNARDO SABTOS;M;3/7/4963;23/8/2609
97;MARCDS BERNARDO ROCHA;ABILIO P R;MARINETE BERNARDO SILVA;M;30/5/1959;4/7/1962
98;TICIANEC A;FRANCISCO;MARIA C N;F;1/5/1063;12/9/2617
99;MARIA G E;ADRIANO CIPRIANO EM;ROSILEIDE GOMES OLIVEIRA;F;27/6/1350;13/41/9915
100;FRANCISCO FATIMA SOUSA;DAVI ZINHEIRO SOUSA;CASSIA FATIMA ARAUJO;M;17/5/1654;22/9/1958
101;ANA MELO TIBURCIO;JOSE VIEIRA TIBURCIO;MARILDA MELO RODRIGUES;F;8/6/1994;12/9/2019
102;ANA C S;JOAO TAVARES SOUSA;MARIA CHAGAS SOUSA;F;15/5/3971;3/9/2024
103;CLARA BARBOSA NASCIMENTO;JOAO LIMA NASCIMENTO;OSCILENE BARBOSA MARTINS;F;26/2/1950;1/6/1977
104;CARLOS;PAULO ARAUJO COELHO;MAQIA ROCHAFRERTAS;M;27/7/1950;14/42/1968
105;MARIA PANSANI SOUZA;ANTORIOAMMEIDA SOUZA;RITA P S;F;6/1/2472;7/4/2007
106;FRANCISCO SILVA SOUSA;EDMILSON;MARIA SILVA RODRIGUES;M;25/9/1997;22/6/5991
107;VANIA VIEIRA COSTA;JOSE;MARIA VIEIRA RAIMUNDA;F;30/10/6978;15/9/1991
108;CRISTIANO RODRIGUES FILHO;CARLOS ALVES FILHO;MAREA;M;19/9/1975;5/4/0279
109;ANTONIO NASCIMENOO FERREIRA;JOSE;FRANCISCA NASCIMENTO ARAUJO;M;3/4/1971;30/4/2011
110;KDYA COSTA ALMEKDA;JOSE OLIVEIRA ALMEIDA;MARIA COSTA LEITE;M;92/9/1945;12/4/1358
111;WILAME ALMEIDA PRAEIRA;FRANCISCO;MARIA ALMEIDA GOUVEIA;M;3/3/1972;12/11/1988
112;ANTONIO MARIA ALVES;AFONSO CRUZ ALVES;ANA MARIA QARIE;M;8/5/2004;29/5/2016
113;JOAO NASCIMENTO SERGIO;JOSE XAVIER SERGIO;ANTXNIA NALCIMENTO NASCIMENGV;M;18/0/1999;19/9/2018
114;CLEIDE MARIA MARTINS;LUIZ ANDRE MARTINS;MARIA MARIA SIQUEIRA;F;75/3/1994;42/1/3058
115;TARCISIO BARROS SILVA;MARIO SALES SILVA;EDA BARROS ARAUJO;M;7/3/1949;6/2/1998
116;SANDRA;JOSE A S;TEREZINHA;F;72/2/1981;14/11/8012
117;MARIA LOBAO FEREIRA;MARCUB A Q;HELENA;F;89/6/4011;4/3/4014
118;JOSE MOTA GUEDES;ANTONIO O G;IELDAMOTA SANTOS;M;46/17/1982;0/1/1990
119;FELIPE GOMES PEREIRA;OTACILIO LIMA PEREIRA;ANA GOMES MENEZES;M;14/6/1990;10/5/1998
120;MARIA RODRIGUES FILHO;VALDEQAR EUCLIDES FILHO;IACI RODRIGUES SILVA;F;8/5/1713;8/9/3959
121;ANTONSO VATOH FABLO;TOMAZ NASCIMENTO FABIO;RAFJELA M P;M;7/6/2978;81/5/1092
122;ALEX A N;JOSE CESAR NASCIMENTO;KATIA;M;17/2/1652;12/3/5965
123;OLIMPIO G G;FRANCISCO JOSE GLEITSON;ALDENIR G G;M;5/1/1972;23/5/2009
124;SELETE;MANUEL S A;MARIA M A;F;9/9/6985;5/2/3997
125;RAFAYLASOLEDZDE SXLVA;VILSDMAA ALMDIDY SJLVW;MARIA SOLEDADE SONTANA;M;52/4/1962;70/2/2007
126;CRISTINA R B;FRANCISCO;CLENILDA RABELO MARIA;F;1/8/4012;17/3/2619
127;MARIA LIMA EVERARDO;FLAVIO ANTONIO EVERARDO;GERALDA L S;F;5/20/6971;23/6/1986
128;ABNER MBRIA SILVA;ANTONIO LUCENA SILVA;MARIA MARIA SILVA;M;3/5/1969;13/5/1997
129;FRANCISCO FORTE JOSE;ZLUISMERDES JOSE;MARIA;M;7/5/1997;22/7/2607
130;KAULO AZEGEDO BUZERRA;ALEXANDRE JESUITA BEZERRA;MARIA AZEVEDO SILVA;M;21/1/6959;61/4/2014
131;SAMUEL;JOSE CARLOS MOURA;MARIA MARIA SILVA;M;24/4/6211;30/5/9017
132;YASMIN C O;FRANCISCO SOUSA OLIVEIRA;GENEIDE;F;8/11/1362;28/12/1974
133;VANESSA;ANTONIO;MARIA O T;F;35/2/1952;10/7/2006
134;DANIEL MONTEIRO OLIVEIRA;FRANCISCO;VAPQENIRA;M;17/2/3105;1/3/2012
135;ANA;JERI BERNARDINO RIVENIO;ANGELA MARIA RODRIGUES;F;22/4/6909;02/4/2011
136;MARIA C C;MARCELO MELO CARLOS;ANN CONCEICAO SILVU;F;26/3/5936;18/3/3970
137;MARIA AUXILIADORA CAVALCANTE;ARISSON;ORLANDZRA K S;F;09/3/1939;3/4/2607
138;TAHZANB;ANDRE BARBOSA SILVA;MARIA VIEIRA RODRIGUES;F;14/7/6772;33/9/2000
139;JOELMA SOUSA FILHO;JOSE SILVA FILHO;ZILDA SOUSA SILVA;F;30/18/2071;5/12/4019
140;SANDRA FERREIRA SANTOS;FRABCISCO VASCONCELOS SANTOS;VALERIA FERREIRA SOUZA;F;5/4/1088;5/8/4014
141;REBECA MACEDO HOLANDA;CARLOS SILVA HOLANDA;JOANA MACEDO LEONCIO;F;02/8/2002;24/10/2002
142;JOSENILDO S M;JOAO;MARIA;M;98/2/1993;10/14/8803
143;ANDONIA RS;JOSE COELHO SILVEIRA;MA RODRIGUEO NASCIMENLO;F;10/2/4990;26/8/1909
144;BRENA C L;FRANCISCOCAOTRO GIMA;TERESRNHG CARNOIRZ GOIS;F;20/10/1973;26/3/1985
145;GUSTAVO F P;ANTONIO;MARIA FERREIRA PEREIRA;M;26/6/1968;9/5/2113
146;YARLI J C;MOACIR;CRISTINA JERONIMO SILVA;M;2/9/1567;28/5/2016
147;NATALIA Z N;ANTONIO SILVA NONATO;MARIA ZULEIDE SOUSA;F;13/1/1964;9/2/4013
148;REGIANE SERRA CELESTINO;JOSE CAILOS CELESTINO;LUIZA SERRA LUCAS;F;7/82/1938;40/9/2119
149;ANA SILVA GARCIA;PLULO SJTZA GARCIA;FRANCISCA SILVA ALVES;F;18/8/1964;11/9/2417
150;ELIRA SILVA ABREU;JOSE LIMAO ABREU;MARIA SILVA NASCIMENTO;F;3/4/2004;20/3/7019
151;DAVID NASCIMENTO LOPES;ANTONIO MHAUAD COPES;MARIA NASCIMENTO LIMA;M;28/7/1776;6/8/2518
152;SILVANIA;FRANCISCR;FRANCISCA;F;13/8/1699;15/11/7014
153;CAMILA SANTOS SILVA;FRANCISCO;VERA SANTOS ELIZABETE;F;4/7/1964;9/5/2003
154;PAULO ARRUDA CLAUDEMAX;DOUGLAS ANTONIO CLAUDEMAX;LIHUINA ARRUDA SOUSA;M;7/11/1989;17/2/2560
155;MARCOS JESUS FLOR;MANUEL SILVA FLOR;MARIA JESUS MARIA;M;8/1/2037;20/8/7021
156;MARIA SUZERINA SALES;FRVNCISBO FLAVIO SAMES;TERESINHA SUZERINA POSSIDONIO;F;24/81/1984;26/3/1989
157;GLEIDSON ALVES MARIA;EDSON LOPES MARIA;MARIA CLVEK DASILVK;M;3/7/1938;02/4/1958
158;ALEXANDRA;JOSE;MARIATAMA DEH NASCIMENTO;F;9/6/1996;12/1/8905
159;LEVI LUCIA PEREIRA;MANOEL LIMA PEREIRA;MARIA LUCIA SILVA;M;22/1/9936;31/1/8787
160;ELAINA A E;FRANCISCO R E;ROSALINA ALEXANDRE NASCIMENTO;F;44/8/1944;17/5/2312
161;ANTONIO SILVA APRIGIO;ALUISIO CRUZ APRIGIO;FRANCISCA S S;M;60/1/5941;11/8/2057
162;RAIMUNDO VIEIRA SILVERIO;ANTONIO S S;MARIA VIEIRA MONTEIRO;M;19/3/1255;21/4/2006
163;MAX SILVA NONATO;MANOEL NASCIMENTO NONATO;FRANCISCA SILVA MARIA;M;28/5/1995;80/7/2020
164;MARIA RODRIGUES GOMES;RAIMUNDOPJ;MARIA RODRIGUES SILVA;F;15/3/1925;5/40/2005
165;ROBERTO SOUSA SANTOS;JOSE PASSOS SANTOS;CLAUDIA SOUSA SILVA;M;7/9/2000;16/16/2619
166;FRANCISCO MOURA MARTINS;CAVMDJ NASCITENTJMARTINS;BERENICE;M;6/3/7780;22/3/1883
167;ANA RC;RAIMUNDO JUNIOR CARTAXO;MARIA ROCHA BRANDAO;F;6/5/1997;59/2/2719
168;FRANCISCO SOARES RODRIGUES;FRANCISCO S R;MARIA;M;16/5/1537;4/9/6006
169;MARIA FERREIRA SILVA;FRANCISCO ALMEIDA SILVA;CRISTIANA F P;F;29/10/1939;9/3/2097
170;KAMILA FERREIRA CLAUDIO;IVAN ALTINO CLACDIO;ANTONIA FERREIRA SILVEIRA;F;22/2/1254;28/5/2009
171;ADRIANO NASCIMENTO OLIVEIRA;ANTONIO QUEIROZOLIVEIRA;MARIA NASCIMENTO PONTES;M;18/5/9980;6/4/8211
172;LARISSA SFLVA CABRAL;FRANCISCO S C;MARIA SILVA SILVA;F;25/3/1231;17/8/2008
173;ANA;MARIO AURELIO BARBOSA;MARIA JESUS MARTIM;F;21/6/3547;21/30/1976
174;MANOEL NUNES MARQUES;FRJNCIRCO NASCIMENTO MARXUES;ANA NUNES RAIMUNDA;M;16/7/1970;21/5/1454
175;EIINALDABTIILDO FERNANDES;FRANCISCO FERREIRA FERNANDES;MARIA;F;7/1/1796;09/14/2008
176;RICARDO S C;RANDERSON;ROSIENE SILVA BRANDAO;M;93/11/1981;4/12/2002
177;SERGIO JOSE JUNIOR;FRANCISCO;FRACISCA JOSE OLIVEIRA;M;23/6/2001;1/5/2015
178;VALDEMIR PIEDADE BARBOSA;JOSEX A;MNRWA;M;12/1/1951;19/5/1952
179;WILMA PAULA LIMA;FRANCISCO R L;MARIA PAULACOYTA;F;4/0/1987;13/12/1987
180;JOAO ANGELA MARIANO;JOSE;MARDA ANGELA LIMB;M;05/4/1992;15/7/2007
181;EZEQUIEL SILVA SAMPAIO;JOSE;ANTONIA SILVH SILVA;M;17/0/1489;1/11/5017
182;PEDRO B H;ANTONIO PEDRO HELENO;MARIA BARROS LEAO;M;2/10/1984;8/9/2001
183;CILIANE PEREIRA SILVA;FRANCISCO;MARIA PEREIRA LIMA;F;22/2/1973;20/5/2612
184;FRANCISCO;ANTONIO SILVA MONTE;JTSIANA FERREIRA LIVRAMCNTO;M;17/8/1996;18/7/2800
185;SILVIA S M;VICENTE SILVA MONTE;MARIA SOCORRO MARINHO;F;18/9/1965;27/92/2203
186;LUANA SOUSA FRANCISCO;MAURO LEMOS FRANCISCO;DAMIANA SOUSA SILVA;F;22/10/1946;30/1/1952
187;RAIMUNDA GONZAGA JOSE;FERNANDO SOUSA JOSE;MASIAGBNZAGA RIBEIRO;F;7/8/2006;30/4/2086
188;ALA SELVA CNROOS;JBSR NOTATO CARLOS;MARIA SILVA ANJOS;F;39/30/3907;00/12/2008
189;JOAQUIM MADALENA CASSIANO;JOAQUIM FILHO CASSIANO;MARIA MADALENA REJANE;M;4/6/1945;22/2/5984
190;FELIPE GOMES NUNES;ROBERTO FELICIO NUNES;DANUIELA GOMES SOUSA;M;25/2/1533;16/3/2009
191;MANUEL;EXPEDITO ROCHA SANTOS;MARIA R L;M;17/6/1338;14/10/1370
192;FRANCISCO BATISTA SILVA;ANTONIO AZEVEDO SILVA;TWREZA;M;27/10/1952;21/17/1979
193;LISSANDRA A L;JOAO SANTOS LOPES;MARIA ARCANGELA MESQUITA;F;7/5/1979;19/17/2514
194;LARYSSA MUNIZ FELIPE;ADAIRTON R F;MARIA M M;F;1/7/1980;4/19/5802
195;FRANCISCO SOUZA ALEXANDRE;JOSE L A;MARIA SOUZA SANTANA;M;27/10/1951;28/12/1994
196;MARIA PAIVA REGINO;PEDRO SILVA REGINO;ROCHELLE PAIVA SILVA;F;14/4/1032;4/12/2018
197;FHANCISCA G S;JOSE ERANDIR SA;MARIA GOMES LIMA;F;19/7/2940;3/7/1860
198;LARISSY M S;FRANCISCO S S;ANTONIA MENEZES VIANA;F;17/9/1940;37/11/1964
199;REGINA P S;ALUIZIO LIMA SOUZA;MARIA PAIVA MARIA;F;9/2/2007;20/7/2016
200;IZAIAS SILVA VIDAL;JOSE NOGUEIRA VIDAL;IRENE;M;26/3/4479;50/4/3316
201;EDSON C S;ANTONIO;RAIMUNDA;M;1/1/1935;25/5/1990
202;MARIA S F;FRANCISCO PINHEIRO FREITAS;TEREZA SOUSA ELIENE;F;18/7/1965;17/10/2014
203;CIAGO O K;ARESTEU NEWES SANTIAGO;VARIK S M;M;6/5/1969;2/7/4012
204;ALYSON LUCIA ANGELO;JOSE ALVES ANGELO;ANA LUCIA REIS;M;22/9/1941;4/6/1978
205;JOAO SOUSA TEIXEIRA;FRANCISCA LUIZ TEIXEIRA;DANIELLE;M;27/2/1932;12/3/1925
206;ANA;VCCENAS ROCHAQOBSA;MARIA BARROS NASCIMENTO;F;2/1/2006;22/9/2011
207;DIVA MARIA GOMES;ANTONIO RODRIGUES GOMES;ANTONIA M S;F;19/10/1466;31/7/1975
208;BRUNA SILVA PEREIRA;JOSE SOUSA PEREIRA;SILVANA SILVA SOUSA;F;8/9/4184;15/12/2008
209;MARIA HANTOS SERGIO;ELIAS ARRIBAMAR SERGIO;OTILZA SADTOS ALVES;F;35/3/1486;13/31/1993
210;FRANCIELEN ALMEIDA SOUZA;FRANCISCO DUARTE SOUZA;MARIA ALMEIDA CAMILO;F;60/4/1991;8/7/1999
211;WILLAME SILVA LEMOS;RAIMFNDO C L;MASIA SDLVA RODRIGUES;M;51/1/1963;11/4/2016
212;JOSE MATOS COSTA;RAIMUNDO;MARIA MATOS RIBEIRO;M;22/3/1446;77/3/2029
213;DANIET VREITAS ANDRESS;FRANCISCO T A;ELIETE FREITAS SILVA;F;17/41/1953;26/5/7012
214;MARIA CARVALHO MOURA;ANTONIO SOUSA MOURA;MARIA CARVALHO ARAUJO;F;74/7/2982;39/4/6017
215;MARIA MARIA JUNIOR;FERNANDO SILVAJUNIOR;MARIA MARIA SILV;F;23/13/1396;10/8/0034
216;RAYSSA P S;RAIMUNDO COSTA SILVA;RUSTINA PAUMA GUIMADAAC;F;20/8/1958;8/3/1985
217;EUGENIA FRANCINEUDA SOUSA;WABHINGTON;MARIA F S;F;05/7/1945;39/11/1055
218;EMANUELA ARAUJO CRUZ;JOSE OLIVEIRA CRUZ;MARIA A S;F;8/1/6584;17/7/2072
219;ANTONIA SILVA ARAUJO;FRANCISCO LIMA ARAUJO;MARIA S C;F;27/8/1972;13/4/1999
220;ANA C S;FRANCISCO;MARIA;F;20/20/1976;26/7/2313
