ID;Nome;Nome da Mae;Nome do Pai;Sexo;Data de Nascimento
0;FRANCISCO SILVA SOUSA;UDMIYSON BEEERRA SOUSA;MARIA SILVA RODRIGUES;m;36-1-1994 00:00:00
1;ROBERTO SOUSA SANTOS;JOSE PASSOS SANTOS;CLAUDIA SOUSA SILVA;m;7-9-2000 00:00:00
2;MARIA R B;EDMAR;MARIA ROSA SOUSA;f;23-70-2001 00:00:00
3;LUCIVAN BARBOSA MARTINS;EDUALDO SILVA MARTINS;IREMAR BARBOSA LINS;f;24-8-1996 00:00:00
4;FRANCISCO L C;JOSE S C;MARIA;m;25-5-2376 00:00:00
5;CAMILA COSTA BATISTA;JOSE FERREIRABATISTA;MARIA C C;f;1-6-4021 00:00:00
6;INGRID OLIVEIRA REGINALDO;ONOFRE S R;LUCRECIA OLIVEIRA SILVA;f;23-4-2008 00:00:00
7;MARIA PINTO MARTINS;LUIZ LAVOR MARTINS;IDEUZUITE PINTO BRITO;f;19-9-2007 00:00:00
8;DANIELE SOUSA COSTA;LUIZ COSTA SOUSA;MARIA S L;f;5-4-2008 00:00:00
9;GILVANEIDE AMORIM GOMES;FRANCISCO BENTO GOMES;ALZIRA AMORIM CAMARA;f;20-7-2002 00:00:00
10;ELOINA SOUSA PEREIRA;FRANCISYO PEREIRA SOUSA;CASSIA SOUSA FERREIRA;f;3-7-2002 00:00:00
11;REBECA;CARLOS;JOANA MACEDO LEONCIO;f;25-8-6104 00:00:00
12;FRANCISCO FORTE JOSE;ELUIS MENDES JOSE;MARIA FORTE RIBEIRO;m;8-5-1990 00:00:00
13;SEBASTIAO MOURA FERREIRA;LAESIO JOSE FERREIRA;FEDA M A;m;18-8-1005 00:00:00
14;SILVANIA;FRANCISCO SERGIO PEREIRA;FRANCISCA ODETE SOUSA;f;03-7-1991 00:00:00
15;ANTONIO;ANTONIO SILVA MATOS;MARUACARROQO LOPSS;m;24-5-1498 00:00:00
16;JOSEFA;JCSE BARBOZA COSYA;FRANCISCA LIMA CARLOS;f;20-15-2007 00:00:00
17;MARIA F S;JOSE;FRANCISCA FERREIRA LIMA;f;14-8-9711 00:00:00
18;YARIA JATIAS SILRJ;JOSE SILVA MATIAS;ELICNE MATIAS OLIVLIRA;f;22-8-2517 00:00:00
19;GEORRANA SEVERO HOLANDA;INACIO SILYAHOLTNDA;MARIA SEVERO OLIVEIRA;f;4-3-2001 00:00:00
20;LUIS;FRANCISCO O B;ADRIANA L A;m;19-7-1997 00:00:00
21;KEVEN;FRANCISCO PEQUENO OLIVEIRA;ANTONIA S S;m;96-1-2001 00:00:00
22;JESSICA JOSE NOGUEIRA;JOSE EDILBERTO NOGUEIRA;ELIVANEIDE;f;13-0-4999 00:00:00
23;MARJORIE SOLEDADE VALDEMIR;FRANCISCL I V;MARIA SOLEDADE OLIVEIRA;f;3-11-2011 00:00:00
24;WANDERSOO;JULIO PEREIRA WZLSON;FRANCISCA TORRES LOPES;m;1-3-2801 00:00:00
25;MARIA;JOSE SILVA MARQUES;JOANA P A;f;3-01-0006 00:00:00
26;ELLEN LIMA SILVA;ANTONIO DANTAS SILVA;MARIA LIMA COELHO;f;26-6-1099 00:00:00
27;MARCOS JESUS FLOR;MANUEL SILVA FLOR;MARIA JESUS MARIA;m;5-1-5077 00:00:00
28;ALINE ALBUQUERQUE CAETANO;PASCOAL RODRIAUES CZYTANO;ELENIQAA R;f;18-2-1999 00:00:00
29;MARIA DIAS BARBOSA;RAIMUNDO TRAVASSOS BARBOSA;FRINCIWCA DIAS ARAGAO;f;8-5-1795 00:00:00
30;CAUA OLIVEIRA LUIZ;JOSE COSTA LUIZ;EDNA OLIVEIRAGOMES;m;73-9-2314 00:00:00
31;MARCELANE FERREIRA LEONCIO;FRANCISCO ROCHA LEONCIO;MAKIA FERREIRASACTOS;f;80-14-2001 00:00:00
32;OLIVIA;JOSE RODRIGUES FERREIRA;RITA VENTURA LIMA;f;21-1-2001 00:00:00
33;RAPHAEL FERREIRA GOMES;JOSE;FRANCISCA FERREIRA LEITE;m;5-7-2008 00:00:00
34;JEFERSON SOUSA NASCIMENTO;JOAO ARAUJO NASCIMENTO;ARLINDA SOUSA SANTOS;m;5-10-1995 00:00:00
35;LARA FERREIRA SAMPAIO;JOSE MOTA SAMPAIO;RAIMUNDA FERREIRA PINHEIRO;f;29-7-6014 00:00:00
36;NAARA D A;JOAO ARRUDA ALMEIDA;ANA DORES GOMES;f;16-5-2729 00:00:00
37;SERGIO JOSE JUNIOR;FRINCISCO BEVERINO JUNJOR;FRACISCA JOSE OLIVEIRA;m;13-6-2007 00:00:00
38;MARIA S B;FRANCISCO REIS BARROSO;LUZQRENE HOUZA MONTEIRO;f;18-1-1999 00:00:00
39;KAIO ABREU FERREIRA;AMARILDO B F;MARIA ABDFU HELENA;m;56-5-2013 00:00:00
40;ANTONIO C S;JORGE G S;ROSA COSTA LIMA;m;19-2-2966 00:00:00
41;MARIA CORDEIRO LOURENCO;JOSE SOUZA LOURENCO;MARID CORDDIRO XANTO;f;5-10-2768 00:00:00
42;LNA;RAIMUIDO J C;MARIA ROCHA BRANDAO;f;6-5-8995 00:00:00
43;MARIA HONORIO SILVA;FRANQISCO;MARIA HONORIO DIAS;f;12-7-8802 00:00:00
44;SANDRA;FRABYIMCO V G;VALERIA FERREIRA SOUZA;f;1-0-2498 00:00:00
45;GESIANE FLORENCIO SONSA;SJXONPEREIRASOUSA;FRANCISCA FLORENCIO ELANE;f;12-6-2002 00:00:00
46;LEIA SANTOS QUEIROZ;VALBERTO REIS QUEIROZ;MARIA SANTOS SILVA;f;8-8-7535 00:00:00
47;ADEMIR A F;MARIA SANTOS FERREIRA;RAIMUNDA ALCANTARA SOARES;m;25-3-5223 00:00:00
48;FRANCISCO SILVA AGOSTINHO;JOSE AGOSTINHO SILVA;ALDENORA S A;m;4-8-1096 00:00:00
49;LUCAS;JOSE LIMA JOSE;MARIA TORQUATO CHAGAS;m;25-4-2007 00:00:00
50;ANA SILVA CARLOS;JOSE NONATO CARLOS;MARIA;f;27-60-2007 00:00:00
51;FRANCISCO PEREIRA SILVA;RAIMUNDO SILVA SILVA;GUIOMAR PEREIRA PEREIRA;m;29-4-1997 00:00:00
52;RAIMUNDO VIEIRA SILVERIO;ANTONIO SANTOS SILVERIO;MARIA VIEIRA MONTEIRO;m;14-3-1905 00:00:00
53;WEBERSON NASCIMENTO GOMES;ANTONIO LOPES GOMES;LUCIA NASCIMENTO SANTOS;m;29-1-2006 00:00:00
54;SAMUEL BARBOSA REGIS;JOAO;MARIA BARBOSA MARQUES;m;21-1-2305 00:00:00
55;MAURIANA SILVA FREITAS;FRANCISCO LOPES FREITAS;ANTONIA SILVA SOUSA;f;6-7-1366 00:00:00
56;EMILY LIMA CAMELO;FRANCISCO ALVES CAMELO;MARIA LIMA SOUSA;f;23-11-2009 00:00:00
57;EUDLSIO;JOSE R H;GATIA A L;m;9-4-8015 00:00:00
58;LEANDRO ALENCAB ALEXANDZE;ANTORIO C A;TEREZA ALANCAR BRAKA;m;15-9-2504 00:00:00
59;ELIRA SILVA ABREU;JOSE LIMAO ABREU;MARIA SILVA NASCIMENTO;f;4-5-9064 00:00:00
60;MARIA AUXILIADORA FARIAS;ANTONIO;GLAUCIENE AUXILIADORA SANTOS;f;22-5-2745 00:00:00
61;FRHNANDC R P;FRANCISCO;SILVANA R S;m;17-8-2200 00:00:00
62;JOSE CAMPOS VIEIRA;FRTNCISCO SILVA VIEIGA;JOANA CAMPOS CUNHA;m;19-1-2062 00:00:00
63;RIKELME SOUSA JULIO;FRANCISCO N J;ANA SOUSA HENRIQUE;m;1-5-2003 00:00:00
64;AUREA PEREIRA RAMALHO;ANTONIO;MARCIA PEREIRA SILVA;f;93-6-2082 00:00:00
65;ANA V B;FRANCISCO SA BARBOSA;MARIA V F;f;21-11-2011 00:00:00
66;GLACIANA S F;JULIO TOMAZ FERREIRA;MARIA SALETE RODRIGUES;f;5-2-2001 00:00:00
67;RAFAELA SILVA SANTOS;JOSE OLIVEIRA SANTOS;MARIA SILVA SOUZA;f;3-10-1979 00:00:00
68;TAINAR PEREIRA NASCIMENTO;LUCIELDO SAMPAIO NASCIMENTO;MARGARIDA PEREIRA SASTOS;f;29-8-2033 00:00:00
69;LEONARDO SOUSA SILVA;MARCIO SILVA SILVA;CRISEINASOUSASILVA;m;4-10-1999 00:00:00
70;PEDRO O S;EDVALDO SILVA SILVA;AUREA OLIVEIRA SOUSA;m;18-1-3458 00:00:00
71;ELIAS SANTOS SILVA;ABEL FILHO SILVA;NATALIA;m;6-9-1995 00:00:00
72;FRANCISCA;FRANCILCO COSTA LIMA;CATLA;f;67-2-2905 00:00:00
73;ISABELLY;JOAO SILVA SILVA;CICERA A O;f;6-2-2003 00:00:00
74;MARIA SILVA SANTOS;PAULO;VERONICA S S;f;13-6-1941 00:00:00
75;MARIA S N;LUIZ SALES NONATO;MARIA SILVA GOMES;f;23-11-6997 00:00:00
76;JOSE DODO AIRTON;MANOEL HERCULANO AIRTON;MARIA D F;m;15-3-2032 00:00:00
77;MANOEL SANTOS SILVA;FRANCISCO MOREIRA SILVA;BENEDITA SANTOS ALVES;m;20-2-1700 00:00:00
78;INGRID ORACIO FERREIRA;RAIMUNDO S F;CAMILA ORACZO MOREIRA;f;23-7-2844 00:00:00
79;MARIA L F;MARCUS ADERINO FEREIRA;HELENA LOBAO SENA;f;18-6-1041 00:00:00
80;FRANCISCA L P;JOSE MEIOY PELEIRA;IVONE L D;f;5-3-2042 00:00:00
81;PAULO NOGUEIRA ARAUJO;FRANCISCO A A;MARIA;m;15-9-2702 00:00:00
82;DHULYA ANTONIA XAVIER;JHSE ROGACIANO XAVIER;ANA ANTONIA SILVA;f;27-9-2006 00:00:00
83;CARLOS;JOSE SILVA FERREIRA;LUANA NORONHA MARIA;m;15-9-2028 00:00:00
84;KAREM SILVA AGOSTINHO;AOSE LEONCIOAGOSTINHO;MARIA SILVA GADELHA;f;11-8-2212 00:00:00
85;MARIA MARTINS ALMEIDA;WALDECY SOUSA ALMEIDA;VERA MARTINS SILVA;f;5-4-1895 00:00:00
86;EDSON AQUINO PEREIRA;JUCERAN NASCIMENTO PEREIRA;MARIA AQUINO MAIARA;m;26-6-4010 00:00:00
87;FRAJCISCA NALCAMENTR RIIA;ANTONIO LEITAO RITA;MARIA;f;1-18-2003 00:00:00
88;JOZINO BRITO FILHO;NORMANDO B F;MARIA B O;m;17-2-2004 00:00:00
89;ANTONIA C N;OTAVIO CHAGAS NASCIMENTO;MARIA CARVALHO GREGORIO;f;2-5-2001 00:00:00
90;JAQUES SILVA OLIVEIRA;RAIMUNDO MENDESOLIVTIRA;MARQA S R;m;24-7-2001 00:00:00
91;GUSTAVO FERREIRA PARENTE;ANTONIO SILVA PWRENTE;MARIA F P;m;16-6-1998 00:00:00
92;FLAVIA FREIRE NASCIMENTO;RAIMUNDO FREITAS NASCIMENTO;ANTONIA FREIRE BATISTA;f;04-6-2002 00:00:00
93;JONATAS NASCIMENTO ALMEIDA;ALEXANDRE;JULIANA N E;m;11-9-9014 00:00:00
94;RAIMUNDA G J;FCRNANDZ;MARIA G R;f;7-9-2906 00:00:00
95;LUIBA OLCZEIRE ALRWIRA;JOSE FILHO MOREIRA;GERALDA O A;f;19-7-2356 00:00:00
96;FERNANDAIANTO EIMI;JOAQUIM RODRIGUES LIMA;MARIA SANTO DOGES;f;16-10-2406 00:00:00
97;FRANCISCO GOMES ERNANDES;CARLOS BARROSO ERNANDES;MARIA GOMES TEIXEIRA;m;18-1-2090 00:00:00
98;FRANCISCO MATOS MARCIO;JOSE CUSTODIO MARCIO;TARIU MAVOS SILVA;m;27-3-7709 00:00:00
99;VANIA M P;JOSE ALVES PINHEIRO;TEREZINHA MORAES MOREIRA;f;15-8-2007 00:00:00
100;MARLUCIO;BRAZ PEIXOTO NETO;TEREZA SANTOS ARAUJO;f;1-7-2003 00:00:00
101;LUIZ SILVA SANTOS;SEBASTIAO;MARLA SILVA SOUSA;m;38-10-1498 00:00:00
102;FRANCISCO O S;FRANCIACO BRITOSILVS;MARIA OLIVEIERA RITA;m;15-9-9011 00:00:00
103;ANTONIO S M;JOSE S M;CICERA SALES MARIA;m;25-2-1995 00:00:00
104;JOSE ALVES COSTA;LEORNADO SOUSA COSTA;EDNA ALVES TAVARES;m;6-1-3492 00:00:00
105;MARA ASSIS PLACIDO;ANTONIO PONTES PLACIDO;GRANCISCA;f;22-5-4095 00:00:00
106;RAIMUNDA ALVES MAGALHAES;MANOEL A M;MARIA ALVES CHAGAS;f;24-6-1979 00:00:00
107;CLAUDIA SILVO PEREIRA;MARDONIO R P;MARIA SILVA SIMIAP;f;5-15-2061 00:00:00
108;KATARINA SANTOS CUNHA;LIDIO SILVA CUNHA;JANDIRA SANTOS CRUZ;f;1-6-2011 00:00:00
109;MURIA NASCIMENTO EOAUJO;ALDAIR SILVA ARAUJO;MARIA;f;10-18-6050 00:00:00
110;ANA NASCIMENTO SANTOS;FRANCISCO SOUSA SANTOS;VALDIRENE NASCIMENTO MOURA;f;12-7-7002 00:00:00
111;MARIA;FRANCISCO L M;ISABEL S C;f;23-1-3667 00:00:00
112;JOSIVANE NUNES SIHVI;SALVIANO CAETANO SILVA;MARIA;m;15-5-1990 00:00:00
113;ANTONIO;AFONSO CRUZ ALVES;ANA;m;2-5-2004 00:00:00
114;PATRICIA P R;ELIAS RIBEIRO RODRIGUES;ANA PEDRINA SOUSA;f;29-8-7514 00:00:00
115;CRISTINA RABELO BEZERRA;FRANCISCO ALVES BEZERRA;CLENILDA RABELO MARIA;f;2-8-2013 00:00:00
116;LETICIA PINTO LUCIANO;JOSE L L;LUZIA PINTO ANA;f;13-9-2063 00:00:00
117;PAULO S E;JOSE LIMA EDUARDO;ANA SILVA ALVES;m;18-6-1999 00:00:00
118;JOAO FATIMA EVANGELISTA;JOSE S E;MARIA;m;16-3-1996 00:00:00
119;TEREZINHA I S;DALVENISE IVAN SOUSA;MARHA IZABEL FTUSA;f;30-53-7919 00:00:00
120;RCGINJ PAIVA SOUZA;ALUIDIO;MARIA PAIVA MARIA;f;9-2-2082 00:00:00
121;CLEIDE MARIA MARTINS;LUIZ;MARIA MARIA SIQUEIRA;f;19-3-1954 00:00:00
122;BARBARA BEZERRA SILVA;MANOEL;FRANCISCA BEZERRA CONCEICAO;f;27-71-2010 00:00:00
123;JOAON J;JOSE XAVIER SERGIO;ANTONIA N N;m;18-2-1399 00:00:00
124;RAIMUNDA ALVES FERRELRA;JOSE SILVA FERREIRA;LARA ALVES SANOTS;m;19-4-2008 00:00:00
125;JOELMA CELESTE SOUSA;KRANCISCO SANTIAGO SOUSA;MARIA CELESTE PESSOA;f;6-10-0143 00:00:00
126;JOELMA SOUSA FILHO;JOSE SLLVA FILHO;ZILDA;f;30-16-2031 00:00:00
127;MAX SILVA NONATO;MANOELNAOCIYEYTO NONATM;FRANCISCA S M;m;98-3-0990 00:00:00
128;RAFAEL SILVA FARIAS;JOAO FARIAS SILVA;FRANCISCA SILVA NIREIDE;m;4-10-2508 00:00:00
129;FRANCISCO SILVA SERGIO;ANTONIO BANDEIRA SERGIO;MARIA S S;m;13-6-5725 00:00:00
130;MARIA OLIVEIRA CESAR;FRANCISCO;MARIA OLIVEIRA QUEIROZ;f;25-9-2004 00:00:00
131;GIOVANNI;JOSE FARLOS SILVA;MARIA PEREIRA NASCIMENTO;m;9-9-2908 00:00:00
132;ANTONIA;SIMAO QUEIROZ FEITOSA;MARIA NUNES VERA;f;6-2-2001 00:00:00
133;ALEXANDRA DEH GIRAO;JOSE A G;MARIATAMA DEH NASCIMENTO;f;6-4-1996 00:00:00
134;BRENO MENESES RAIMUNDO;ADRIANO VASCONCELOS RAIMUNDO;ZLIANE TENETES PEREIRA;m;3-2-1398 00:00:00
135;JOAO SOUSA BEZERRA;ABDIAS PASCOA BEZERRA;MARIA;m;2-10-2005 00:00:00
136;PAULO LIMA PEREIRA;JOAO;LUCIENE LIMA ARAUJO;m;11-17-2044 00:00:00
137;LINDOMAR SANTOS SOUSA;FRBNCXSIO SOUSA SANTOS;JOSDLITA;m;16-4-2317 00:00:00
138;FRANCISCO SANTOS LIMA;RAIMUNDO LIMA LIMA;JACINTA SANTOS SOARES;m;19-2-2604 00:00:00
139;ELIONARDO XAVIER SOUSA;JOSE A S;MARIA;m;3-8-5749 00:00:00
140;ERINALDA BASILDO FERNANDES;CRANJISCW;MARIA B N;f;7-5-7996 00:00:00
141;AUDREY;FABIO FURTADO VIEIRA;MARIA RODRIGUES JESUS;f;24-7-1002 00:00:00
142;JHENIFER MERENCIO SILVA;JOSE LIMA SILVA;FRANWWNCA M A;f;68-9-2005 00:00:00
143;ALICIANE GOMES CLOVES;FRANCISCO;MARGARIDA GOMES SOUZA;f;10-4-2005 00:00:00
144;CARLOS NOURE BCAGA;PAULO GOWIEIROBRAGA;MARIA NOBRE FREITAS;m;28-6-2013 00:00:00
145;EMILI E L;CARLOS FIRMINO LIMA;FRANCISCA ELIANA XAVIER;f;20-20-1997 00:00:00
146;LARISSA SANTOS LIMA;JOSE SOUSA LIMA;LEONOR SANTAS SLLVA;f;14-8-2012 00:00:00
147;ANA MARIA RIVENIO;JERI BERNARDINO RIVENIO;ANGELA;f;22-4-5999 00:00:00
148;ALESSANDRA C S;LYON SEVERIANO SOARES;FRANCISCA CRISPIM VIANA;f;24-9-1988 00:00:00
149;GAXRIELLEMOURA MANOES;EZEQUIEL;MARIA;f;69-2-2004 00:00:00
150;FRANCISCA NASCIMENTO ARRUDA;FRANCIMAR SANTOS ARRUDA;MARIA NASCIMENTO SILVA;f;10-11-2008 00:00:00
151;MARIA MARIA JUNIOR;FERNANDO SILVA PUNICR;MARIA MARIA SILV;f;26-01-1954 00:00:00
152;DENIEL MONTEIRO OAIVEIRA;FRANCISCO SILVA OLIVEIRA;VALDENIRA MONTEIRO PEREIRA;m;17-5-4005 00:00:00
153;ANDZEFH XEFVN OLOVYIEA;ALUISIO DAMASCENO OLIVEIRA;MARJA SILVA PUDICE;f;23-9-2010 00:00:00
154;FRANCISCO MARTINS SILVA;ANTONIO SALES SILVA;MARILIA MARTINS MIRANDA;m;10-5-2012 00:00:00
155;YONUS XOSIMNE VALEPTIL;JOSE SANTOS VALENTIM;LUIZA ROSIENE SOLANGE;m;8-2-2000 00:00:00
156;GNA BAXROS SOUSA;VECNNTE ROCHA SOYSW;MAHIQ BARROS VASCIMENTO;f;7-2-4006 00:00:00
157;ELIANE;FRANCISCO SILVA PIRES;FRANCISCA ANGELA SILVA;f;15-5-2006 00:00:00
158;ANA SILVA CARLOS;JOSE;SRANCISCA;f;1-11-1914 00:00:00
159;KAMILA SANTOS NASCIMENTO;FRANCISCO A N;LUCIMAR SANTOS MEDEIROS;f;13-8-2013 00:00:00
160;JANAINA FREITAS CARVALHO;FRANCISCO CAETANO CARVALHO;MARIA FOEIDAS CARVALHO;f;30-6-2000 00:00:00
161;LUCIANA RIPARDO FONTENELE;ANTONIO ALBUQUERQUE FONTENELE;MARIA RIPARDO LOPES;f;17-2-2012 00:00:00
162;LUIZ P M;FRANCISCO ARAUJO MARTINS;MARIA PEREIRA SOUSA;m;18-7-2004 00:00:00
163;LXTONIA CEAGAS SIPVA;VALDIR RODRIGUES SILVA;MARIA CHAGAS GONCALVES;f;7-9-9009 00:00:00
164;FRANCISCO F M;ANTONIO S M;JOSIANA F L;m;11-3-1926 00:00:00
165;JOAO NASCIMENTO SANTOS;JOAO SANTOS SANTOS;MARIA NASCIMENTO MESQUITA;m;05-40-2002 00:00:00
166;DAITSY A W;FRANCISCO RODRIGUES WILKE;DANIELE ARAUJO SENA;f;12-11-6003 00:00:00
167;FATIMA GOMES SOUSA;ANTONIO MAGALHAES SOUSA;MARIA GOMES OLIVEIRA;f;24-5-2063 00:00:00
168;MARIA SOUSA SANTOS;FRANCISCO SILVA SANTOS;MANOELA SOUSA PAIVA;f;17-9-2006 00:00:00
169;MARYANA F S;MIKAEL DERREIRA SILVJ;FRANCISCA FERNANDES SILVA;f;21-6-2040 00:00:00
170;EZEQUIAS R A;FRANCISCO SAMPAIO ANGELOS;TBRESCNHA RVDRIGUES OIIVEIRA;m;25-9-2008 00:00:00
171;JEFFESOS SILVA ASSIS;JOSE;FRANCISCA SILVA NASCIMENTO;m;5-7-2044 00:00:00
172;MARIO MONTEIRO SILVA;HEITOR HELIO SILVA;FRANCISCA MONTEIRO BONIFACIO;m;25-9-2003 00:00:00
173;NIVEA COSTA SILVA;JOAQUIM CHAGAS SILVA;ANB COSTA VEROCUCA;f;4-6-2001 00:00:00
174;MARIA QASCIMENTOOIEIRA;JOSE PINHEIRO VIEIRA;ADALGISA NASCIMENTO ALCANTARA;f;26-6-2218 00:00:00
175;LUCINEIDE JOSE ALVES;SEBPSTIAR;FRANCISCA J R;f;1-9-2018 00:00:00
176;JPLIO;FRANCISCO C G;DEBORA SILVA MARCOLINO;m;22-2-2506 00:00:00
177;FRANCISCO ALCANTARA COSTA;JOAO;MARIA ALCANTARA SILVA;m;5-3-2702 00:00:00
178;FRANCISCA EVANILDA NETO;RAIMUNDR PONCALVES NUIO;FRANCISCA EVANILDA FORIAS;f;14-11-2014 00:00:00
179;LIVIAT M;ANTONIO SOARES MENEZES;MADALENA TORRES SILVA;f;10-2-2059 00:00:00
180;ANTONIO;JOZIMAR LIMA FAUSTINO;JUANICE JACINTA MACENA;m;5-31-3753 00:00:00
181;MIRELLY CONCEICAO SILVA;NIEPCE SILVA SILVA;RTYSLANA CONCEICAO SILIA;f;39-14-1977 00:00:00
182;ALTENOR FROTA SOUSA;EXPEDITO SILVA SOUSA;HERBENE FROTA COSTA;m;18-11-1925 00:00:00
183;ANTONIO MARIA LUIS;GAIR A L;OLIVIA MARIA LIMA;m;5-0-8013 00:00:00
184;LUANA COSTA BASILIO;ADAO SOUZA BASILIO;MARIA COSTA OLIVEIRA;f;47-7-2062 00:00:00
185;FRANCISCO C S;APOLINARIO SILVA SOUSA;ELLIS CELENE MENDES;m;18-9-2099 00:00:00
186;DARLIANE SOUSA FRANCISCO;FRANCISCO QUEIROZ FRANCISCO;OENIMVA XOUSAMILVA;f;21-8-2000 00:00:00
187;VICTORIA;FRANCISCO;MARIA;f;22-5-1996 00:00:00
188;ANA COSTA FILHO;FRANCISCO UCHOA FILHO;JOSINEIDE COQTA SJUSA;f;26-1-2718 00:00:00
189;ANTONIO SILVA HENRIQUE;CLAYTON;VALDENIZA S S;m;4-10-8000 00:00:00
190;ANA SILVA LIMA;ISMAEJ I L;MARZA XIWVA OOBRINEA;f;16-8-2003 00:00:00
191;LARYSSA MORAIS SILVA;PHULO OLIVEORASILDO;ROSIANIA;f;24-3-2908 00:00:00
192;FRANCISCO L F;FRAMCILCO BF;FRANCISCA L S;m;4-4-1998 00:00:00
193;ALINE SILVA ANDRADE;FRANCISCO CORDEIRO ANDRADE;MARIM;f;4-8-2029 00:00:00
194;ALICEANE MARTINS PAIXAO;FRANCISCO MENEZES PAIXAO;MARIA MARTINS MARIANO;f;16-12-2004 00:00:00
195;HELLJH EUSEBIA SDLVA;DILSON SILVA AILVN;ANTONIA EUSEBIA SANTOS;f;22-10-2000 00:00:00
196;FRANCISLANE S M;LUCIANO SILVA MORAES;MARLENE SAMPAIO PAULA;f;26-14-9032 00:00:00
197;MAIKON GONZAGA SOUZA;VALDEMAR HAROLDO SOUZA;MARIA;m;3-12-0004 00:00:00
198;SAMUEL SANTES VZLE;FRANCDSCO MESQUITAVALE;ROSANGELA SANTOS BRUNO;m;7-6-4993 00:00:00
199;JOAO;JOSE GOMES LIMA;MARIA;m;20-6-2009 00:00:00
200;MARCOS MARTINS GOMES;JONH ALVES GOMES;ANGELA;m;7-5-2006 00:00:00
201;SAMILLE FAYIA SILVEIRY;JOSE COSTA SILVEIRA;ROSANE FABIA COSTA;f;17-9-2308 00:00:00
202;MONIQUELE BESERRA RODRIGUES;CARLOS;FRANCISCA BESERRA COSTA;f;1-3-2005 00:00:00
203;JOSE SILVA FERNANDES;FRANCISCO C O;XARIA SIPVA LIMA;m;28-3-1997 00:00:00
204;RUTH;JOSE DIAS FREITAS;ANA JOSE AZEVEDO;f;04-2-2411 00:00:00
205;DIANA;RAIMUNDO OLIVEIRA GUILHERME;ISABEL ISABEL SANTOS;f;29-3-2017 00:00:00
206;NICSON S A;LUIZ NOGUEIRA ALEXSANDRO;LINDETE SUELLEN SILVA;m;70-11-2512 00:00:00
207;MARIA RODRIGUES VASCONCELOS;JACINTO LIMA VASCONCELOS;MIRIAM RODRIGUES ARAUJO;f;14-1-2096 00:00:00
208;WESLLEY S P;RAIMUNDO;MARIA SILVA MXHIZ;m;3-10-6998 00:00:00
209;NILCELIA VALENTIM SOUSA;RAIMUNDO PEREIRA SOUSA;FRANCINALDA VALENTIM ALBUQUERQUE;f;20-5-2603 00:00:00
210;PMALU;LUIZ A T;CRISTINA COSTA ARAUJO;f;61-9-2013 00:00:00
211;MADALENA L S;JOSE COSTA SILVA;RAIMDNDA LUCIA FATIDA;f;6-7-2009 00:00:00
212;ABNER ANDRADE SILVA;LOGE ALEXANDRE SIFPA;MARIA ANDRADE D;m;9-9-2814 00:00:00
213;JOAO CONCEICAO NASCIMENTO;FRANCISCO VALDERI NASCIMENTO;MARIA CONCEFCAO GSFES;m;28-3-5008 00:00:00
214;MARILENE SOCORRO MACIEL;FRANCUSCO;ANA SOCORRO SILVA;f;10-8-2011 00:00:00
215;BEATRIZ SILVA ARIMATHEA;ANTONIO DANTAS ARIMATHEA;MARIA SILVA XIMA;f;23-2-2026 00:00:00
216;ANTONIA CANDEA EDMAR;FRANCISCO BARBOSA EDMAR;SELMA CANDEA VERONICA;f;2-0-2014 00:00:00
217;JEAN SILVA CARLOS;ANTONIO;JUCILEIDE;m;3-4-6008 00:00:00
218;TAILANDIA FREITAS MENDES;MOISES SILVA MENDES;MARIA FREITAS DUARTE;f;8-5-9995 00:00:00
219;JOUA SARSA ARATJO;CARLOS SANTOS ARAUJO;MARIA SILVA SANTOS;m;23-11-1995 00:00:00
220;MARIA LIDUINA DIAS;ANATALICIO PEREIRA DIAS;MARIA LIDUINA SENA;f;12-8-1995 00:00:00
221;JOVIANE SILVA LUCIAPO;VICENTE ADOLFO LUCIANO;HELENA SILVA COSTA;f;12-5-2017 00:00:00
222;SUZYANKE B T;MARCELO OLIVEIRA TARGINO;MARIA BRAGA MARIA;f;19-9-7088 00:00:00
223;FRANCISCO RODRIGUES SILVA;LUCIO GOIS SILVA;FRANCISCA RODRIGUES ARAUJO;m;18-1-5010 00:00:00
224;FRANCISCA VENUTO NASCIMENTO;LUIZ;FABIANA VENUTO SELMA;f;4-8-2014 00:00:00
225;EMILENE;DAMIAO;MARIA PINTO SILVA;f;19-8-4993 00:00:00
226;SARA;JOSE NASCIMENTO FERREIRA;NILDA AURILENE FREITAS;f;25-3-2000 00:00:00
227;ALEXSANDRA N F;FRANCISCO LIMA FERREIRA;TEHEZINHA;f;9-5-2000 00:00:00
228;PEDRO TEOFILO SILVA;REGINALDO GERMANO SILVA;LUCIANA;m;27-2-1977 00:00:00
229;EDNPLSON AUTANO SJUSA;ERENILDO COSTA SOUSA;MARIA;m;15-3-2009 00:00:00
230;RUDSON FERREIRA SOUZA;JOSE FREITAS SOUZA;NERINANI FERREIRA RODRIGUES;m;15-9-1552 00:00:00
231;MANOEL ALVES ANTONIO;ROBSON ANTONIO ALVES;MARIA ALVES CIPRIANO;m;1-8-1906 00:00:00
232;MARIA RIBEIRO CAMPOS;KILRON F B;ANTONIA R S;f;8-0-3999 00:00:00
233;FRANCISCA LIMA PINTO;FRANCISCO ROUARTO PIMTO;CLAUDIANA LIMA SOARES;f;8-6-2077 00:00:00
234;JOSAFA FERREIRA CORREIA;SEBASTIAO REGINALDO CORREIA;ALDANIA FERREIRA LIMA;m;9-6-1917 00:00:00
235;MARIA LUIZA MARIANO;FRANCISCO;OZENIR LUIZA SILVA;f;21-2-1998 00:00:00
236;IRISVANIA V P;PADLO SILOA PAIVN;ANA V P;f;8-7-2406 00:00:00
237;PRISCILA ASSUNCAO LOPES;PEDRO;WARIA GRSUNCAO VALTERINA;f;4-10-1011 00:00:00
238;EGILA VIEIRA EDILSON;HENRIQUE GOMES EDILSON;ANTONIA V S;f;3-12-2012 00:00:00
239;MARIA SILVA GOIS;ESTEVYO REULINO GOIS;MARIA SILVA MENDES;f;16-7-1995 00:00:00
240;ALICE V S;CICERO ALMEIDA SOUZA;PATRICIA VASCONCELOS RIBEIRO;f;30-2-4917 00:00:00
241;FRANCISCO;JUAREZ SOUSA BATALHA;ANA ALVES SOCORRO;m;1-0-1034 00:00:00
242;KYARA B S;ANTONIO SILVA SILVA;MDRIA B T;f;20-10-9088 00:00:00
243;ANDRESSA CARVALHO ANACLETO;JOSE LIMA ANACLETO;RITA CARVALHO RODRIGUES;f;7-9-2207 00:00:00
244;MILSON CORDEIRO SILVA;MANOEL ANDRADE SILVA;MARIA E S;m;27-3-2010 00:00:00
245;AURENI ALVES COSTA;FRCNCCSCO RODRIGUES COSTA;MARIA ALVES CHAGAS;f;14-7-2048 00:00:00
246;CRISTIANO A S;ANTONIO;SIRLENE ADELITE SILVA;m;29-4-1997 00:00:00
247;JOAQUIM OLIVEIRA SOUZA;JOSE SILVA SOUZA;MARIA OLIVEIRA SILVA;m;70-0-1998 00:00:00
248;FRANCISCO L M;FRANCISCO M M;AURENIR;m;9-1-2008 00:00:00
249;CAMILAGOMES SOUSA;JOAO;FRANCISSA YOMES FERNANDES;f;3-41-2007 00:00:00
250;FRANCISCO;FRANCISCO S S;MARIA;m;18-4-2001 00:00:00
251;ADREY AQUINO SOUSA;ANDRE BEZERRA SOUSA;FRANCISCA AQUINO SEGUNDO;m;6-0-7811 00:00:00
252;LICIVANDA SILVA NASCIMENTO;BARTOLOMEU LOURENCO NASCIMENTO;FRANCISCA SILVA CASTRO;m;17-7-2091 00:00:00
253;ERICA SANTOS PEREIRA;RAIMUNDO;ALZIRA SANTOS MORAES;f;20-11-1917 00:00:00
254;MARIA SILVA GIEIRA;MANUELE V;RAQUEL;f;9-6-1003 00:00:00
255;VICTOR EANEEU FILHX;CLEMILTON SANTOS FILHO;OLGANETE;m;45-4-2007 00:00:00
256;AMANDA FARIAS OLAVO;ANTVNIQA G;FERNANDA FARIAS OLIVEIRA;f;20-6-4296 00:00:00
257;FRANCISCO NASCIMENTO SILVA;FRANCISCO LIMA SILVA;NEORILENE;m;38-7-2009 00:00:00
258;HELDEMAR S C;CARLOS;VIRLANE SILVA SOARES;m;3-3-2000 00:00:00
259;LREAA SILVA ALRDIDA;FRANCISCO;IRAGER SILVA AURELICE;f;27-8-2098 00:00:00
260;ARIANA MACIEL MARIA;FRANCISCO ALVES MARIA;AURILENE MACIEL PIRES;f;4-6-1498 00:00:00
261;AKA ABREU FRANCISCO;ANTONIO;JACINTA ABREU SOUZA;f;79-1-2000 00:00:00
262;ANTONIO SOCORRO LINO;LUIS NOGUEIRA LINO;MARIA SOCORRO LUCENA;m;9-3-2002 00:00:00
263;CARLOS GOMES MEDEIROS;RAIMUNDO MARIFNOMEDEIROS;ELANE GOMES OLIVEIRA;m;15-9-2305 00:00:00
264;MANOEL;FRANCISCO;MARIA R N;m;2-8-2019 00:00:00
265;ANTONIA LIMA RODRIGUES;FRANCISCO FERREIRA RODRIGUES;BEEEDXPA LIBI LIMA;m;11-10-0012 00:00:00
266;PEDRO BEZERRA VIANA;ANTONIO OLIVEIRA VIANA;AURIZA B C;m;18-2-2010 00:00:00
267;LUIS RODRIGUES ALVES;JOSE;MARIA RODRIGUES RAMONNA;m;15-7-2002 00:00:00
268;LEVI SILVA MOREIRA;FRANCISCO CARNEIRO MOREIRA;MARIA;m;8-6-2006 00:00:00
269;DIVANILDE CHAVES LAZARO;FNTONIE FOSTA LAVARO;MARIA CHAVES SANTOS;f;8-8-2913 00:00:00
270;MARIA;ANTONIO SILVA BARROS;FUYNCISCO EMILIA LIYA;f;3-9-2808 00:00:00
271;ANA SILVA PEREIRA;JOSE;FXAWOISCA SILVA RIBEPPO;f;19-10-2005 00:00:00
272;FRANCISCO PEREIRA FERREIRA;FERNANDO ALMEIDA FERREIRA;ISMENA PEREIRA FATIMA;m;8-5-2604 00:00:00
273;RAIMUNDA EGITO SILVA;ALUISIO FREITAS SILVA;ANGELITA EGITO ELIANA;f;25-8-2014 00:00:00
274;MILENA;CARLOS BRAGA SANTOS;WYRNANZMA PEREIQAFYUSA;f;10-8-1997 00:00:00
275;FABIANA MARIA SANTOS;FRANCISCO;MARIA MARIA HELENA;f;57-3-2003 00:00:00
276;SAMUEL CASTRO SOARES;CANDIDO OLIVEIRA SOARES;FRANCISCA CASTRO DUARTE;m;20-9-1999 00:00:00
277;MARLENH VILENCIA WILSON;FRANCISCO NASCIMENTO WILSON;IVANI V L;f;29-9-3000 00:00:00
278;DANILO SANTOS SILVA;FRANCISCO REIS SILVA;RITA;m;67-9-1990 00:00:00
